schema_version,run_id,scan_date,scan_time,scan_timestamp,ticker,company,sector,subsector,exchange,strategy,recommendation,signals_today,confidence,rank_score,portfolio_rank,regime_today,open,high,low,close,cmp,volume,entry,target,stop_loss,target_hold_days,expected_return_pct,expected_return_points,risk_pct,risk_points,risk_reward,atr_pct,rsi,roc,volume_ratio,above_50dma,above_200dma,trade_status,remarks
1.0.0,20260731_130240,2026-07-31,13:02:40,2026-07-31 13:02:40.327802,ADANIENSOL,,Power,,NSE,PASS_combined,BUY,1.0,9.0,13.5,,UPTREND,1666.0,1682.0,1628.8,1656.4,1656.4,1180426.0,1656.4,1873.64,1547.78,8.0,13.12,217.24,6.56,108.62,2.16,3.28,53.44,-3.84,0.46,1.0,1.0,NEW,limited history: 8.6y (<10y) - lower confidence
1.0.0,20260731_130240,2026-07-31,13:02:40,2026-07-31 13:02:40.327802,ADANIENT,,Metals & Mining,,NSE,PASS_combined,BUY,1.0,8.2,12.3,,UPTREND,3051.0,3067.5,3006.9,3038.5,3038.5,483779.0,3038.5,3326.6,2894.45,13.0,9.48,288.1,4.74,144.05,2.35,2.37,47.41,-3.87,0.34,0.0,1.0,NEW,limited history: 8.6y (<10y) - lower confidence
1.0.0,20260731_130240,2026-07-31,13:02:40,2026-07-31 13:02:40.327802,BHEL,,Capital Goods,,NSE,PASS_combined,WATCH,0.0,0.28,0.37,,,406.0,412.35,406.0,409.95,409.95,4520036.0,409.95,462.7,383.57,8.0,12.87,52.75,6.43,26.38,1.79,3.22,52.56,-2.86,0.3,1.0,1.0,WATCH,limited history: 8.6y (<10y) - lower confidence
1.0.0,20260731_130240,2026-07-31,13:02:40,2026-07-31 13:02:40.327802,DEEPAKNTR,,Chemicals,,NSE,PASS_combined,WATCH,0.0,0.0,0.0,,,1652.0,1670.9,1645.5,1656.3,1656.3,46106.0,1656.3,1844.7,1562.1,10.0,11.37,188.4,5.69,94.2,1.48,2.84,50.36,-4.47,0.27,1.0,1.0,WATCH,limited history: 8.6y (<10y) - lower confidence
1.0.0,20260731_130240,2026-07-31,13:02:40,2026-07-31 13:02:40.327802,ETERNAL,,Consumer Services,,NSE,PASS_combined,WATCH,0.0,1.65,2.47,,,312.5,316.0,304.3,305.0,305.0,18887826.0,305.0,344.53,285.24,11.0,12.96,39.53,6.48,19.76,1.29,3.24,64.72,6.42,0.49,1.0,1.0,WATCH,limited history: 5.0y (<10y) - lower confidence
1.0.0,20260731_130240,2026-07-31,13:02:40,2026-07-31 13:02:40.327802,HAL,,Capital Goods,,NSE,PASS_combined,WATCH,0.0,3.43,3.64,,,4591.1,4669.0,4591.1,4645.0,4645.0,471544.0,4645.0,5000.9,4467.05,12.0,7.66,355.9,3.83,177.95,1.91,1.92,65.74,4.76,0.75,1.0,1.0,WATCH,limited history: 8.3y (<10y) - lower confidence
1.0.0,20260731_130240,2026-07-31,13:02:40,2026-07-31 13:02:40.327802,HDFCBANK,,Financial Services,,NSE,PASS_combined,WATCH,0.0,0.0,0.0,,,753.95,757.55,748.5,750.6,750.6,11019642.0,750.6,807.05,722.38,7.0,7.52,56.45,3.76,28.22,0.64,1.88,40.13,-8.42,0.35,0.0,0.0,WATCH,limited history: 8.6y (<10y) - lower confidence
1.0.0,20260731_130240,2026-07-31,13:02:40,2026-07-31 13:02:40.327802,HINDALCO,,Metals & Mining,,NSE,PASS_combined,WATCH,0.0,0.0,0.0,,,979.8,988.0,971.05,979.05,979.05,3345661.0,979.05,1057.63,939.76,13.0,8.03,78.58,4.01,39.29,1.35,2.01,54.46,3.7,0.73,0.0,1.0,WATCH,limited history: 8.6y (<10y) - lower confidence
1.0.0,20260731_130240,2026-07-31,13:02:40,2026-07-31 13:02:40.327802,HSCL,,Chemicals,,NSE,PASS_combined,BUY,1.0,0.07,0.11,,UPTREND,763.6,781.9,763.0,771.3,771.3,1606215.0,771.3,894.71,709.6,9.0,16.0,123.41,8.0,61.7,1.57,4.04,60.97,4.01,0.15,1.0,1.0,NEW,limited history: 8.6y (<10y) - lower confidence
1.0.0,20260731_130240,2026-07-31,13:02:40,2026-07-31 13:02:40.327802,INDUSINDBK,,Financial Services,,NSE,PASS_combined,WATCH,0.0,0.0,0.0,,,1011.45,1017.9,996.4,1007.65,1007.65,954732.0,1007.65,1106.73,958.11,18.0,9.83,99.08,4.92,49.54,0.92,2.46,53.65,-1.9,0.37,1.0,1.0,WATCH,limited history: 8.6y (<10y) - lower confidence
1.0.0,20260731_130240,2026-07-31,13:02:40,2026-07-31 13:02:40.327802,IREDA,,Financial Services,,NSE,PASS_combined,WATCH,0.0,0.0,0.0,,,119.6,120.6,119.52,120.14,120.14,1803942.0,120.14,129.25,115.58,3.0,7.58,9.11,3.8,4.56,0.69,1.9,40.81,-1.23,0.48,0.0,0.0,WATCH,limited history: 2.7y (<10y) - lower confidence
1.0.0,20260731_130240,2026-07-31,13:02:40,2026-07-31 13:02:40.327802,LAURUSLABS,,Healthcare,,NSE,PASS_combined,BUY,1.0,13.03,19.54,1.0,UPTREND,1785.0,1826.6,1785.0,1817.9,1817.9,1825251.0,1817.9,2003.06,1725.32,14.0,10.19,185.16,5.09,92.58,2.05,2.55,81.79,16.71,0.8,1.0,1.0,NEW,limited history: 8.6y (<10y) - lower confidence
1.0.0,20260731_130240,2026-07-31,13:02:40,2026-07-31 13:02:40.327802,NESTLEIND,,Fast Moving Consumer Goods,,NSE,PASS_combined,WATCH,0.0,0.0,0.0,,,1529.0,1529.0,1505.9,1508.0,1508.0,1118941.0,1508.0,1640.13,1441.94,20.0,8.76,132.13,4.38,66.06,1.45,2.19,63.45,5.66,0.48,1.0,1.0,WATCH,limited history: 8.6y (<10y) - lower confidence
1.0.0,20260731_130240,2026-07-31,13:02:40,2026-07-31 13:02:40.327802,PAYTM,,Financial Services,,NSE,PASS_combined,WATCH,0.0,0.0,0.0,,,1322.2,1354.6,1322.2,1351.4,1351.4,1132801.0,1351.4,1520.21,1266.99,8.5,12.49,168.81,6.25,84.41,1.11,3.12,65.68,0.25,0.32,1.0,1.0,WATCH,limited history: 4.7y (<10y) - lower confidence
1.0.0,20260731_130240,2026-07-31,13:02:40,2026-07-31 13:02:40.327802,PHOENIXLTD,,Realty,,NSE,PASS_combined,WATCH,0.0,0.0,0.0,,,1889.1,1917.4,1881.1,1910.0,1910.0,279834.0,1910.0,2126.79,1801.6,10.0,11.35,216.79,5.68,108.4,0.94,2.84,39.64,-7.99,0.31,0.0,1.0,WATCH,limited history: 8.6y (<10y) - lower confidence
1.0.0,20260731_130240,2026-07-31,13:02:40,2026-07-31 13:02:40.327802,POLYCAB,,Capital Goods,,NSE,PASS_combined,WATCH,0.0,4.18,5.55,,,8924.0,9135.0,8924.0,9114.0,9114.0,204149.0,9114.0,10016.53,8662.74,15.0,9.9,902.53,4.95,451.26,1.96,2.48,47.78,2.84,0.55,0.0,1.0,WATCH,limited history: 7.3y (<10y) - lower confidence
1.0.0,20260731_130240,2026-07-31,13:02:40,2026-07-31 13:02:40.327802,RBLBANK,,Financial Services,,NSE,PASS_combined,BUY,1.0,0.0,0.0,,UPTREND,380.0,381.8,373.65,375.35,375.35,3610751.0,375.35,415.53,355.26,10.0,10.7,40.18,5.35,20.09,1.35,2.68,56.84,1.97,0.52,1.0,1.0,NEW,limited history: 8.6y (<10y) - lower confidence
1.0.0,20260731_130240,2026-07-31,13:02:40,2026-07-31 13:02:40.327802,RVNL,,Construction,,NSE,PASS_combined,WATCH,0.0,20.4,10.2,,,223.95,226.25,222.1,225.7,225.7,2344975.0,225.7,245.63,215.74,9.0,8.83,19.93,4.41,9.96,2.6,2.21,43.09,0.12,0.58,0.0,0.0,WATCH,limited history: 7.3y (<10y) - lower confidence
1.0.0,20260731_130240,2026-07-31,13:02:40,2026-07-31 13:02:40.327802,SAIL,,Metals & Mining,,NSE,PASS_combined,WATCH,0.0,0.0,0.0,,,169.66,171.85,167.97,169.24,169.24,8351566.0,169.24,189.11,159.31,9.0,11.74,19.87,5.87,9.93,1.65,2.94,51.44,3.8,0.64,0.0,1.0,WATCH,limited history: 8.6y (<10y) - lower confidence
1.0.0,20260731_130240,2026-07-31,13:02:40,2026-07-31 13:02:40.327802,SUZLON,,Capital Goods,,NSE,PASS_combined,WATCH,0.0,6.13,3.57,,,47.56,48.11,47.13,47.97,47.97,33711471.0,47.97,54.37,44.77,7.0,13.34,6.4,6.67,3.2,1.58,3.33,29.28,-7.73,0.47,0.0,0.0,WATCH,limited history: 8.6y (<10y) - lower confidence
1.0.0,20260731_130240,2026-07-31,13:02:40,2026-07-31 13:02:40.327802,TMPV,,Automobile and Auto Components,,NSE,PASS_combined,WATCH,0.0,1.6,1.62,,,335.55,339.0,334.5,338.65,338.65,4622409.0,338.65,368.06,323.94,13.0,8.68,29.41,4.34,14.71,1.64,2.17,49.99,0.91,0.58,0.0,0.0,WATCH,limited history: 8.6y (<10y) - lower confidence
1.0.0,20260731_130240,2026-07-31,13:02:40,2026-07-31 13:02:40.327802,VEDL,,Metals & Mining,,NSE,PASS_combined,WATCH,0.0,3.08,1.81,,,268.8,269.0,263.0,266.4,266.4,10281825.0,266.4,296.82,251.19,12.0,11.42,30.42,5.71,15.21,1.63,2.85,41.7,5.28,0.88,0.0,0.0,WATCH,limited history: 8.6y (<10y) - lower confidence
