schema_version,run_id,scan_date,scan_time,scan_timestamp,ticker,company,sector,subsector,exchange,strategy,recommendation,signals_today,confidence,rank_score,portfolio_rank,regime_today,open,high,low,close,cmp,volume,opportunity_score,risk_score,trend_score,momentum_score,volume_score,quality_score,institutional_score,alpha_score,execution_score,portfolio_fit_score,composite_score,recommendation_score,above_200dma,above_50dma,accumulation_score,atr,atr_adjusted_return,atr_pct,atr_points,atr_risk_multiple,avg20_volume,avg_days,avg_loss_%,avg_win_%,bottom_10_percent,breakout_strength,bt_from,bt_to,cagr_%,cagr_%_pct,cagr_score,candle_range,candle_range_%,capital_efficiency,confidence_pct,confidence_quality,confidence_score,confidence_weighted_return,consistency_quality,conviction_momentum,cut_exits,day_chg_%,distribution_risk,downside_exposure_pct,drawdown_score,entry,entry_distance_pct,entry_ref,exp_per_day_%,expectancy,expectancy_pct,expectancy_score,expected_return_pct,expected_return_points,gap_%,hist_trades,institutional_decile,institutional_grade,institutional_participation,institutional_percentile,institutional_quintile,institutional_rank,limit_price,liquidity_efficiency,liquidity_quality,liquidity_score,max_consecutive_losses,max_drawdown_%,max_drawdown_%_pct,momentum_acceleration,momentum_band,momentum_decile,momentum_efficiency,momentum_persistence,momentum_quality,momentum_quintile,momentum_trend_ratio,opportunity_efficiency,opportunity_quality,participation_score,pct_from_200dma,pct_from_20dma,pct_from_50dma,profit_factor,profit_factor_pct,profit_factor_score,quality_band,quality_decile,quality_quintile,recommendation_band,recovery_factor,recovery_factor_pct,recovery_score,relative_momentum,relative_strength,relative_strength_pct,relative_strength_score,remaining_upside_pct,remarks,return_per_day_pct,return_to_atr_ratio,reward_quality,reward_risk_ratio,reward_risk_ratio_pct,reward_risk_score,risk_adjusted_return,risk_decile,risk_pct,risk_per_day_pct,risk_points,risk_quality,risk_quintile,risk_reward,roc,roc_strength,rsi,rsi_strength,rsi_trend_score,seq_trades,signal_date,stability_quality,status,stop_cushion_pct,stop_hit_pct,stop_hits,stop_loss,stop_loss_buffer,target,target_completion_pct,target_hit_pct,target_hits,target_hold_days,target_stop_distance_ratio,time_exits,time_loss,time_pct,time_win,top_10_percent,top_decile,top_quintile,total_return_sum_%,trade_history_score,trade_status,trail_exits,trail_pct,trend_alignment,trend_conviction,trend_decile,trend_quality,trend_quintile,trend_strength,turnover_quality,volatility_efficiency,volume_band,volume_conviction,volume_decile,volume_efficiency,volume_quintile,volume_ratio,volume_strength,win_rate,win_rate_pct,win_rate_score,yahoo,years
1.0.0,20260731_193445,2026-07-31,19:34:45,2026-07-31 19:34:45.407247,ADANIENSOL,,Power,,NSE,PASS_combined,STRONG BUY,True,8.91,41.75,,UPTREND,1666.0,1682.0,1628.8,1645.4,1645.4,1779255,81.2,48.94,68.42,44.41,33.67,64.84,66.01,69.56,47.64,76.05,82.31,73.644,True,True,-3.0912,54.31,4.0,3.3,54.31,2.0,2591856,6.9,-4.99,10.81,False,34.5,2018-01-01,2026-07-31,-22.32,27.27272727272727,0.0,53.2,3.23,0.132,90.9090909090909,47.25,89.1,1.1761,50.885,-0.0356,0,-0.82,1.9527,6.6014,0.0,1645.4,0.0,1645.4000244140625,0.225,1.55,86.36363636363636,31.0,13.2,217.24,0.42,664,10,A,40.183,95.4545,5,2,,18.8837,37.72,41.77,6,-88.43,81.81818181818183,-1.3576,Average,4,4.0009,0.69,0.5264,2,-1.3576,2.0,65.07,2.7621,39.16,-1.86,4.23,1.53,86.36363636363636,26.5,Strong,10,5,Strong,2.0,38.63636363636363,0.0,-0.3992,16.73,77.27272727272727,91.8,13.2029,limited history: 8.6y (<10y) - lower confidence,1.65,4.0,71.54,2.17,90.9090909090909,72.3,2.0,8,6.6,0.825,108.62,79.92,4,2.17,-4.48,17.34,51.49,77.22,78.72500000000001,149,2026-07-31,15.9116,ok,6.6014,57.1,379,1536.78,108.62,1862.64,0.0,34.2,227,8.0,2.0,7,7,1.1,0,True,True,True,1032.1,100.0,NEW,51,7.7,2,56.914,7,56.415,4,100.0,21.2102,0.6061,Weak,0.0615,8,19.1304,4,0.69,31.0,41.4,68.18181818181817,59.1,ADANIENSOL,8.6
1.0.0,20260731_193445,2026-07-31,19:34:45,2026-07-31 19:34:45.407247,ADANIENT,,Metals & Mining,,NSE,PASS_combined,HOLD,True,8.1,44.78,,UPTREND,3051.0,3067.5,3002.4,3009.5,3009.5,866334,32.18,60.66,34.98,42.75,22.66,48.92,47.49,35.37,43.08,57.16,53.88,50.65,True,False,-2.868,72.35,4.0083,2.4,72.35,2.0042,1454885,9.1,-4.28,10.15,False,15.0,2018-01-01,2026-07-31,-9.93,86.36363636363636,0.0,65.1,2.16,0.0962,86.36363636363636,42.95,81.0,0.7792,36.501,-0.0314,0,-1.3,1.5,4.8078,0.0,3009.5,0.0,3009.5,0.2,1.81,90.9090909090909,36.2,9.62,289.38,0.06,725,5,C,30.743,50.0,3,12,,9.4647,25.995,29.33,9,-76.91,45.45454545454545,-1.9917,Average,3,4.0065,0.3,0.6896,2,-1.9917,2.0,46.42,1.654,23.01,-3.08,-0.95,1.73,90.9090909090909,36.5,Average,8,4,Average,2.0,95.45454545454544,0.0,-0.3872,22.29,90.9090909090909,100.0,9.6156,limited history: 8.6y (<10y) - lower confidence,0.74,4.0083,26.21,2.37,95.45454545454544,79.0,2.0,10,4.81,0.37,144.69,90.44,5,2.37,-4.78,16.13,44.73,51.58,61.82499999999999,142,2026-07-31,10.2882,ok,4.8078,55.9,405,2864.81,144.69,3298.88,0.0,33.1,240,13.0,2.0,5,5,0.7,0,False,False,False,1312.88,100.0,NEW,75,10.3,1,32.633,4,38.865,2,50.0,7.1429,0.8333,Weak,0.0486,3,16.0333,2,0.6,20.42,42.2,72.72727272727273,60.3,ADANIENT,8.6
1.0.0,20260731_193445,2026-07-31,19:34:45,2026-07-31 19:34:45.407247,BHEL,,Capital Goods,,NSE,PASS_combined,WATCH,False,0.24,20.05,,,406.0,412.35,405.95,407.0,407.0,6868429,68.42,36.87,63.96,43.71,30.08,48.12,51.96,61.87,33.12,54.59,62.63,56.7325,True,True,-1.5975,13.19,4.0,3.24,13.19,2.0,15201281,6.4,-4.63,8.31,False,22.5,2018-01-01,2026-07-31,-28.41,9.090909090909092,0.0,6.4,1.57,0.1296,54.54545454545454,1.27,2.4,0.0311,25.839,-0.0,0,0.99,2.2345,6.4816,0.0,407.0,0.0,407.0,0.007,0.05,54.54545454545454,1.0,12.96,52.75,0.74,590,7,B,27.262,68.1818,4,8,,16.1368,47.595,65.11,9,-94.1,95.45454545454544,-1.0957,Average,3,4.0002,0.45,0.5348,2,-1.0957,2.0,52.645,0.0067,29.6,0.41,1.24,1.02,54.54545454545454,1.0,Average,7,4,Average,1.9996,25.0,0.0,-0.0085,8.9,59.09090909090909,72.2,12.9607,limited history: 8.6y (<10y) - lower confidence,1.62,4.0,68.5,1.79,72.72727272727273,59.7,2.0,5,6.48,0.81,26.38,59.94,3,1.79,-3.55,21.09,51.0,75.36,77.5,152,,15.0849,ok,6.4816,62.5,369,380.62,26.38,459.75,0.0,26.6,157,8.0,1.9996,6,6,1.0,0,False,False,False,26.62,100.0,WATCH,58,9.8,2,55.012,6,53.835,3,100.0,1.7845,0.6173,Weak,0.0011,7,28.8,4,0.45,2.79,36.1,36.36363636363637,51.6,BHEL,8.6
1.0.0,20260731_193445,2026-07-31,19:34:45,2026-07-31 19:34:45.407247,DEEPAKNTR,,Chemicals,,NSE,PASS_combined,HOLD,False,0.0,9.85,,,1652.0,1671.0,1645.5,1662.2,1662.2,136035,46.57,45.94,72.03,51.86,7.79,37.05,46.87,57.62,13.59,45.8,51.28,46.9265,True,True,-1.7472,46.82,3.9965,2.82,46.82,1.9965,173623,7.6,-3.99,5.94,False,39.0,2018-01-01,2026-07-31,-13.47,72.72727272727273,0.0,25.5,1.53,0.1127,27.27272727272727,0.0,0.0,0.0,23.167,-0.0,0,1.11,1.5843,5.6335,0.0,1662.2,0.0,1662.199951171875,-0.01,-0.07,45.45454545454545,0.0,11.27,187.27,0.49,517,5,C,12.474,40.9091,3,14,,12.1911,3.895,0.0,12,-75.9,40.909090909090914,-0.7943,Average,5,3.9952,0.78,0.6026,3,-0.7943,2.0018,46.255,0.0,2.29,0.34,0.85,0.97,45.45454545454545,0.0,Weak,4,2,Average,1.9999,77.27272727272727,0.0,-0.0,-5.73,31.818181818181817,35.7,11.2664,limited history: 8.6y (<10y) - lower confidence,1.127,3.9965,47.1,1.49,45.45454545454545,49.7,2.0018,7,5.63,0.563,93.64,44.16,4,1.49,-2.24,26.38,51.31,76.53,78.275,116,,18.856,ok,5.6335,59.6,308,1568.56,93.64,1849.47,0.0,28.0,145,10.0,1.9999,0,0,0.0,0,False,False,False,-37.33,100.0,WATCH,64,12.4,2,60.608,7,61.945,4,100.0,29.9501,0.7098,Very Weak,0.0,1,14.4487,1,0.78,41.58,39.5,52.27272727272727,56.4,DEEPAKNTR,8.6
1.0.0,20260731_193445,2026-07-31,19:34:45,2026-07-31 19:34:45.407247,ETERNAL,,Consumer Services,,NSE,PASS_combined,BUY,False,1.65,24.09,,,312.5,316.0,301.8,302.45,302.45,36757340,74.36,33.38,83.23,65.95,44.1,54.8,65.23,80.18,47.17,58.74,80.49,67.366,True,True,5.0876,10.06,3.994,3.33,10.06,1.997,39772827,7.9,-4.16,5.38,False,46.0,2021-07-23,2026-07-31,-21.44,31.818181818181817,0.0,14.2,4.69,0.133,63.63636363636363,8.75,16.5,0.2194,38.164,0.0015,0,-2.64,1.7344,6.6523,0.0,302.45,0.0,302.45001220703125,0.038,0.31,59.09090909090909,6.2,13.3,40.24,0.6,372,10,A,57.677,90.9091,5,3,,17.1732,69.1,94.1,6,-64.2,22.727272727272727,1.6607,Strong,9,3.9954,0.92,0.5223,5,1.6607,2.0,53.87,0.9577,10.47,3.67,11.96,1.14,59.09090909090909,7.0,Average,9,5,Strong,2.0,4.545454545454546,0.0,0.0912,21.72,81.81818181818183,100.0,13.3047,limited history: 5.0y (<10y) - lower confidence,1.2091,3.994,72.8,1.29,27.27272727272727,43.0,2.0002,3,6.65,0.6045,20.12,33.64,2,1.29,5.53,57.74,62.36,100.0,94.1,81,,19.2217,ok,6.6523,53.2,198,282.33,20.12,342.69,0.0,33.6,125,11.0,2.0,0,0,0.0,0,True,True,True,113.5,100.0,WATCH,49,13.2,2,76.338,9,74.59,5,100.0,48.3067,0.6006,Average,0.0152,9,14.4565,5,0.92,58.04,46.8,95.45454545454544,66.9,ETERNAL,5.0
1.0.0,20260731_193445,2026-07-31,19:34:45,2026-07-31 19:34:45.407247,HAL,,Capital Goods,,NSE,PASS_combined,HOLD,False,3.43,29.64,,,4591.1,4669.0,4591.1,4646.5,4646.5,747534,1.27,57.23,87.77,78.64,28.76,49.06,58.29,52.64,41.92,45.64,62.53,49.852,True,True,3.7584,87.64,3.9894,1.89,87.64,1.9947,644602,7.9,-4.08,7.81,False,58.0,2018-04-02,2026-07-31,-12.16,81.81818181818183,0.0,77.9,1.68,0.0754,72.72727272727273,18.19,34.3,0.2586,41.178,0.0038,0,1.42,0.875,3.7725,0.0,4646.5,0.0,4646.5,0.089,0.7,72.72727272727273,14.0,7.54,350.57,0.21,676,7,B,42.047,63.6364,4,9,,0.4394,27.77,26.78,9,-80.91,68.18181818181817,1.7143,Strong,10,3.992,1.16,0.8369,5,1.7143,2.0,29.25,2.9587,6.92,2.97,5.37,1.29,77.27272727272727,14.5,Average,8,4,Average,1.9999,90.9090909090909,0.0,0.1111,0.78,45.45454545454545,52.0,7.5448,limited history: 8.3y (<10y) - lower confidence,0.6283,3.9894,0.0,1.91,77.27272727272727,63.7,1.9997,9,3.77,0.3142,175.29,66.25,5,1.91,3.24,48.5,65.53,88.52,86.175,135,,30.3702,ok,3.7725,59.2,400,4471.21,175.29,4997.07,0.0,27.4,185,12.0,1.9999,0,0,0.0,0,False,False,False,474.4,100.0,WATCH,91,13.5,2,77.728,10,83.205,5,100.0,75.7104,1.0582,Weak,0.0398,5,6.5,3,1.16,86.26,40.2,59.09090909090909,57.4,HAL,8.3
1.0.0,20260731_193445,2026-07-31,19:34:45,2026-07-31 19:34:45.407247,HDFCBANK,,Financial Services,,NSE,PASS_combined,AVOID,False,0.0,7.7,,,753.95,757.55,747.2,748.15,748.15,25512663,0.0,25.27,0.59,35.05,29.41,9.15,8.81,6.46,28.37,1.94,4.87,8.0555,False,False,-6.8016,14.2,3.9947,1.9,14.2,2.0,32572617,7.1,-3.26,2.09,True,0.0,2018-01-01,2026-07-31,-9.0,95.45454545454544,0.0,10.35,1.38,0.0759,27.27272727272727,0.0,0.0,0.0,6.059,-0.0,0,-0.77,1.0674,3.7974,0.0,748.15,0.0,748.1500244140625,-0.206,-1.47,13.636363636363637,0.0,7.59,56.82,0.0,120,1,E,47.59,4.5455,1,22,,0.0,58.6,87.79,8,-56.13,13.636363636363637,-4.5895,Weak,2,3.9972,0.0,0.8328,1,-4.5895,1.9974,12.635,0.0,-13.01,-4.63,-3.18,0.32,9.090909090909092,0.0,Very Weak,1,1,Very Weak,2.0,56.81818181818182,0.0,-0.0,-1.52,36.36363636363637,46.2,7.5947,limited history: 8.6y (<10y) - lower confidence,1.0843,3.9947,0.5,0.64,4.545454545454546,21.3,1.9972,1,3.8,0.5429,28.41,0.0,1,0.64,-8.72,0.22,39.34,31.13,48.35,43,,0.2034,ok,3.7974,65.0,78,719.74,28.41,804.97,0.0,7.5,9,7.0,2.0,0,0,0.0,0,False,False,False,-176.85,100.0,WATCH,33,27.5,0,7.696,1,17.82,1,0.0,0.2453,1.0512,Weak,0.0,6,9.7308,3,0.78,41.58,33.3,18.181818181818183,47.6,HDFCBANK,8.6
1.0.0,20260731_193445,2026-07-31,19:34:45,2026-07-31 19:34:45.407247,HINDALCO,,Metals & Mining,,NSE,PASS_combined,AVOID,False,0.0,9.58,,,979.8,988.0,971.05,974.45,974.45,5578955,5.7,47.43,51.93,70.28,27.66,32.19,42.25,39.99,36.47,30.75,43.87,36.3425,True,False,3.8199,19.64,3.9901,2.02,19.64,1.995,4670522,8.2,-3.91,5.26,False,29.75,2018-01-01,2026-07-31,-9.85,90.9090909090909,0.0,16.95,1.74,0.0806,27.27272727272727,0.0,0.0,0.0,21.111,0.0,0,0.42,0.9224,4.032,0.0,974.45,0.0,974.4500122070312,-0.035,-0.29,36.36363636363637,0.0,8.06,78.58,0.97,580,3,C,51.542,22.7273,2,18,,1.8874,44.59,61.52,5,-61.54,18.181818181818183,1.5891,Strong,9,3.9921,0.595,0.7937,5,1.5891,2.0,26.565,0.0,4.4,1.67,-2.9,0.88,36.36363636363637,0.0,Weak,3,2,Weak,2.0,68.18181818181817,0.0,0.0,-7.13,27.27272727272727,32.2,8.064,limited history: 8.6y (<10y) - lower confidence,0.62,3.9901,6.45,1.35,34.090909090909086,45.0,2.0,7,4.03,0.31,39.29,36.79,4,1.35,3.21,48.38,52.93,82.68,82.325,109,,17.1954,ok,4.032,59.0,342,935.16,39.29,1053.03,0.0,22.9,133,13.0,2.0,0,0,0.0,0,False,False,False,-168.89,100.0,WATCH,105,18.1,1,52.714,5,61.105,3,50.0,46.6228,0.9901,Weak,0.0,5,6.7731,3,1.19,89.78,39.5,52.27272727272727,56.4,HINDALCO,8.6
1.0.0,20260731_193445,2026-07-31,19:34:45,2026-07-31 19:34:45.407247,HSCL,,Chemicals,,NSE,PASS_combined,BUY,True,0.0,13.02,,UPTREND,763.6,781.9,742.5,750.65,750.65,4615320,100.0,34.21,68.04,40.4,31.01,50.04,57.3,74.71,31.42,62.97,71.98,66.1295,True,True,0.5166,32.45,3.7037,4.32,32.45,1.8519,11013739,7.0,-4.66,7.39,False,21.0,2018-01-01,2026-07-31,-17.27,59.09090909090909,0.0,39.4,5.25,0.16,27.27272727272727,0.0,0.0,0.0,26.614,0.0,0,-1.3,3.0423,7.9997,0.0,750.65,0.0,750.6500244140625,-0.003,-0.02,50.0,0.0,16.0,120.1,0.41,538,8,B,23.296,77.2727,4,6,,18.797,44.625,58.24,8,-79.57,54.54545454545454,0.2847,Average,2,3.7036,0.42,0.4115,1,0.2847,2.0,67.105,0.0,40.95,3.64,9.99,0.99,50.0,0.0,Average,9,5,Strong,2.0,38.63636363636363,0.0,0.0,22.28,86.36363636363636,100.0,15.9995,limited history: 8.6y (<10y) - lower confidence,1.7778,3.7037,100.0,1.59,54.54545454545454,53.0,2.0,3,8.0,0.8889,60.05,49.42,2,1.59,1.23,40.38,56.6,96.6,91.5,138,2026-07-31,12.7895,ok,7.9997,59.3,319,690.6,60.05,870.75,0.0,29.4,158,9.0,2.0,7,7,1.3,0,False,False,False,-10.82,100.0,NEW,54,10.0,2,62.888,6,54.22,3,100.0,0.0,0.463,Weak,0.0,7,38.0952,4,0.42,0.0,38.5,45.45454545454545,55.0,HSCL,8.6
1.0.0,20260731_193445,2026-07-31,19:34:45,2026-07-31 19:34:45.407247,INDUSINDBK,,Financial Services,,NSE,PASS_combined,AVOID,False,0.0,10.98,,,1011.45,1017.9,996.4,1012.45,1012.45,2922820,27.7,40.87,79.58,62.26,26.36,35.36,47.43,55.56,30.45,35.97,52.21,43.4625,True,True,-1.5552,24.77,3.9959,2.45,24.77,1.9959,2709586,8.7,-3.58,3.31,False,54.0,2018-01-01,2026-07-31,-18.01,50.0,0.0,21.5,2.12,0.0979,27.27272727272727,0.0,0.0,0.0,29.146,-0.0,0,0.1,1.1779,4.8931,0.0,1012.45,0.0,1012.4500122070312,-0.141,-1.23,18.181818181818183,0.0,9.79,99.08,0.0,340,5,C,43.195,45.4545,3,13,,8.029,38.355,50.35,5,-78.21,50.0,-0.5878,Strong,8,3.9944,1.08,0.6782,4,-0.5878,2.002,34.285,0.0,14.15,-0.35,5.63,0.48,18.181818181818183,0.0,Weak,3,2,Average,2.0,11.363636363636363,0.0,-0.0,11.35,68.18181818181817,78.4,9.7862,limited history: 8.6y (<10y) - lower confidence,0.5439,3.9959,28.36,0.92,13.636363636363637,30.7,2.0018,5,4.89,0.2717,49.54,14.18,3,0.92,-1.44,29.61,54.92,90.22,87.30000000000001,84,,23.0667,ok,4.8931,64.1,218,962.91,49.54,1111.53,0.0,12.9,44,18.0,2.0,0,0,0.0,0,False,False,False,-418.12,100.0,WATCH,78,22.9,2,66.632,9,70.92,5,100.0,61.1572,0.8172,Weak,0.0,4,9.0648,2,1.08,76.85,34.1,22.727272727272727,48.7,INDUSINDBK,8.6
1.0.0,20260731_193445,2026-07-31,19:34:45,2026-07-31 19:34:45.407247,IREDA,,Financial Services,,NSE,PASS_combined,AVOID,False,0.0,4.55,,,119.6,120.6,119.2,119.59,119.59,4003980,1.04,26.27,9.18,47.22,20.14,9.76,12.25,14.58,17.71,3.07,6.34,9.2185,False,False,-1.7576,2.3,4.0052,1.92,2.3,2.0052,3850501,4.2,-5.21,3.59,True,0.0,2023-11-29,2026-07-31,-20.02,40.909090909090914,0.0,1.4,1.17,0.0769,27.27272727272727,0.0,0.0,0.0,6.782,-0.0,0,-0.24,0.9412,3.8465,13.2,119.59,0.0,119.58999633789062,-0.746,-3.16,4.545454545454546,0.0,7.69,9.2,-0.23,30,1,E,43.961,9.0909,1,21,,0.3562,37.965,55.79,4,-43.41,9.090909090909092,-0.8802,Average,5,4.0068,0.0,0.8261,3,-0.8802,1.9974,13.655,0.0,-8.66,-1.81,-3.98,0.21,4.545454545454546,0.0,Very Weak,1,1,Very Weak,2.0,77.27272727272727,0.0,-0.0,-11.59,18.181818181818183,21.0,7.693,limited history: 2.7y (<10y) - lower confidence,2.5633,4.0052,1.77,0.69,9.090909090909092,23.0,1.9974,2,3.85,1.2833,4.6,2.08,1,0.69,-1.69,28.6,38.88,29.39,47.20000000000001,20,,3.1438,ok,3.8465,73.3,22,114.99,4.6,128.79,0.0,13.3,4,3.0,2.0,0,0,0.0,0,False,False,False,-94.79,40.0,WATCH,4,13.3,0,19.073,2,28.2,1,0.0,6.6234,1.0403,Weak,0.0,2,7.3942,1,1.04,72.15,23.3,4.545454545454546,33.3,IREDA,2.7
1.0.0,20260731_193445,2026-07-31,19:34:45,2026-07-31 19:34:45.407247,LAURUSLABS,,Healthcare,,NSE,PASS_combined,STRONG BUY,True,13.06,50.46,1.0,UPTREND,1785.0,1826.6,1785.0,1816.2,1816.2,2502212,39.99,42.74,99.31,76.08,60.55,73.93,74.73,72.64,70.51,64.24,89.52,71.9555,True,True,20.7792,44.91,4.004,2.47,44.91,2.004,2263459,9.0,-4.35,8.9,False,55.5,2018-01-01,2026-07-31,-12.92,77.27272727272727,0.0,41.6,2.29,0.0989,95.45454545454544,69.25,100.0,1.2916,76.528,0.3193,0,1.96,1.1706,4.946,0.0,1816.2,0.0,1816.199951171875,0.268,2.41,95.45454545454544,48.2,9.89,179.65,0.21,641,10,A,63.953,100.0,5,1,,11.5245,54.105,47.66,8,-80.69,63.63636363636363,7.5789,Strong,10,4.0047,1.11,0.6731,5,7.5789,1.998,41.365,10.4976,56.62,13.4,21.57,2.13,95.45454545454544,56.5,Strong,10,5,Strong,1.9999,86.36363636363636,0.0,2.4448,56.17,100.0,100.0,9.8915,limited history: 8.6y (<10y) - lower confidence,0.7064,4.004,29.62,2.05,86.36363636363636,68.3,1.9977,6,4.95,0.3536,89.83,73.61,3,2.05,18.72,100.0,81.83,26.69,45.425,131,2026-07-31,28.6196,ok,4.946,48.4,310,1726.37,89.83,1995.85,0.0,33.4,214,14.0,1.9999,0,0,0.0,0,True,True,True,1543.78,100.0,NEW,117,18.3,2,98.038,10,87.695,5,100.0,79.8254,0.8089,Strong,0.145,10,8.9099,5,1.11,80.38,51.0,100.0,72.9,LAURUSLABS,8.6
1.0.0,20260731_193445,2026-07-31,19:34:45,2026-07-31 19:34:45.407247,NESTLEIND,,Fast Moving Consumer Goods,,NSE,PASS_combined,AVOID,False,0.0,13.19,,,1529.0,1529.0,1497.5,1509.6,1509.6,2501756,16.51,38.44,87.41,77.98,25.23,42.25,51.43,59.46,27.85,35.48,55.04,44.2125,True,True,6.0008,33.63,3.9955,2.23,33.63,2.0,2394366,10.1,-2.86,4.16,False,52.0,2018-01-01,2026-07-31,-2.13,100.0,0.0,31.5,2.09,0.0891,27.27272727272727,0.0,0.0,0.0,31.269,0.0,0,-0.73,1.0931,4.4555,33.8,1509.6,0.0,1509.5999755859375,-0.041,-0.41,31.818181818181817,0.0,8.91,134.53,0.55,172,6,C,40.709,54.5455,3,11,,5.1115,36.445,47.66,9,-33.12,4.545454545454546,2.5874,Strong,10,3.9962,1.04,0.7319,5,2.5874,1.9978,27.475,0.0,14.47,3.5,6.0,0.78,31.818181818181817,0.0,Average,5,3,Average,2.0001,100.0,0.0,0.0,2.64,50.0,56.6,8.9116,limited history: 8.6y (<10y) - lower confidence,0.4455,3.9955,17.21,1.45,40.909090909090914,48.3,1.9978,5,4.46,0.223,67.26,42.05,3,1.45,5.77,58.71,63.91,94.66,90.225,38,,27.0619,ok,4.4555,63.4,109,1442.34,67.26,1644.13,0.0,16.3,28,20.0,2.0001,1,1,0.6,0,False,False,False,-70.98,100.0,WATCH,34,19.8,2,78.694,10,82.695,5,100.0,63.0663,0.8959,Weak,0.0,4,8.5673,2,1.04,72.15,34.9,27.27272727272727,49.9,NESTLEIND,8.6
1.0.0,20260731_193445,2026-07-31,19:34:45,2026-07-31 19:34:45.407247,PAYTM,,Financial Services,,NSE,PASS_combined,WATCH,False,0.0,12.36,,,1322.2,1360.0,1322.2,1343.0,1343.0,2301331,64.68,36.54,72.66,54.33,22.4,40.56,51.36,67.37,24.28,48.41,60.45,53.52,True,True,-0.2368,42.59,4.0032,3.17,42.59,2.0,3616063,7.1,-4.22,4.68,False,32.0,2021-11-18,2026-07-31,-23.49,18.181818181818183,0.0,37.8,2.81,0.1269,27.27272727272727,0.0,0.0,0.0,26.278,-0.0,0,0.79,1.9329,6.3425,0.0,1343.0,0.0,1343.0,-0.125,-0.89,27.27272727272727,0.0,12.69,170.36,-0.77,283,6,B,26.024,59.0909,3,10,,15.5108,34.31,46.22,7,-71.74,27.27272727272727,-0.1167,Average,6,4.0016,0.64,0.5452,3,-0.1167,2.0016,50.61,0.0,12.13,2.54,13.09,0.66,25.0,0.0,Average,5,3,Average,2.0,56.81818181818182,0.0,-0.0,23.44,95.45454545454544,100.0,12.685,limited history: 4.7y (<10y) - lower confidence,1.4929,4.0032,65.08,1.11,22.727272727272727,37.0,2.0015,4,6.34,0.7459,85.18,24.17,2,1.11,-0.37,33.93,64.6,92.05,88.50000000000001,70,,17.4245,ok,6.3425,61.8,175,1257.82,85.18,1513.36,0.0,26.1,74,8.5,2.0,0,0,0.0,0,False,False,False,-251.62,100.0,WATCH,34,12.0,2,66.849,8,63.495,4,100.0,18.2522,0.6314,Weak,0.0,3,19.8281,2,0.64,25.12,37.5,40.909090909090914,53.6,PAYTM,4.7
1.0.0,20260731_193445,2026-07-31,19:34:45,2026-07-31 19:34:45.407247,PHOENIXLTD,,Realty,,NSE,PASS_combined,AVOID,False,0.0,10.15,,,1889.1,1917.4,1881.1,1893.3,1893.3,720701,48.92,20.9,32.89,26.69,13.49,21.84,21.69,35.73,6.39,23.25,22.17,25.926,True,False,-6.7683,54.2,4.0035,2.86,54.2,2.0035,932721,7.1,-4.44,4.16,True,19.25,2018-01-01,2026-07-31,-30.5,4.545454545454546,0.0,36.3,1.92,0.1145,27.27272727272727,0.0,0.0,0.0,12.565,-0.0,0,0.29,1.6158,5.7255,0.0,1893.3,0.0,1893.300048828125,-0.233,-1.65,9.090909090909092,0.0,11.45,216.79,0.06,518,2,D,22.583,13.6364,1,20,,12.6736,19.82,26.15,16,-95.52,100.0,-3.0734,Weak,1,4.0036,0.385,0.5949,1,-3.0734,1.9983,34.91,0.0,6.51,-7.71,-1.43,0.45,13.636363636363637,0.0,Weak,2,1,Weak,1.9999,25.0,0.0,-0.0,5.54,54.54545454545454,63.8,11.4504,limited history: 8.6y (<10y) - lower confidence,1.145,4.0035,49.38,0.94,18.181818181818183,31.3,1.9983,1,5.73,0.573,108.4,15.23,1,0.94,-8.79,0.0,37.16,22.86,42.89999999999999,122,,8.5207,ok,5.7255,66.8,346,1784.9,108.4,2110.09,0.0,22.4,116,10.0,1.9999,0,0,0.0,0,False,False,False,-856.17,100.0,WATCH,56,10.8,1,26.591,4,29.79,2,50.0,13.2908,0.6987,Very Weak,0.0,1,14.8701,1,0.77,40.41,32.4,9.090909090909092,46.3,PHOENIXLTD,8.6
1.0.0,20260731_193445,2026-07-31,19:34:45,2026-07-31 19:34:45.407247,POLYCAB,,Capital Goods,,NSE,PASS_combined,AVOID,False,4.18,34.86,,,8924.0,9135.5,8924.0,9106.5,9106.5,283246,32.78,43.42,44.71,56.98,14.2,40.39,42.08,44.77,20.89,42.2,44.86,41.938,True,False,2.07,225.67,3.996,2.48,225.67,2.0,375825,9.7,-3.44,6.73,False,18.75,2019-04-16,2026-07-31,-14.73,63.63636363636363,0.0,211.5,2.32,0.0991,77.27272727272727,22.16,41.8,0.4142,27.333,0.0048,0,2.37,1.4171,4.9561,0.0,9106.5,0.0,9106.5,0.101,0.98,81.81818181818183,19.6,9.91,902.67,0.31,596,3,C,22.07,27.2727,2,17,,9.4195,12.105,10.01,9,-74.07,36.36363636363637,1.1129,Average,7,3.9969,0.375,0.6706,4,1.1129,1.998,38.1,1.5909,12.25,-0.28,-3.45,1.5,81.81818181818183,25.0,Average,5,3,Average,2.0,77.27272727272727,0.0,0.1154,9.75,63.63636363636363,74.4,9.9124,limited history: 7.3y (<10y) - lower confidence,0.6607,3.996,29.88,1.96,81.81818181818183,65.3,1.9979,6,4.96,0.3307,451.33,68.88,3,1.96,2.76,46.56,47.57,62.35,68.92500000000001,102,,12.8477,ok,4.9561,54.9,327,8655.17,451.33,10009.17,0.0,23.8,142,15.0,2.0,0,0,0.0,0,False,False,False,581.97,100.0,WATCH,127,21.3,1,44.728,5,50.845,3,50.0,17.0166,0.8056,Very Weak,0.0313,2,13.2133,1,0.75,38.06,43.5,81.81818181818183,62.1,POLYCAB,7.3
1.0.0,20260731_193445,2026-07-31,19:34:45,2026-07-31 19:34:45.407247,RBLBANK,,Financial Services,,NSE,PASS_combined,WATCH,True,0.0,11.63,,UPTREND,380.0,381.8,373.0,375.5,375.5,5846031,40.0,54.73,77.59,64.87,27.57,43.48,58.36,61.82,40.6,52.8,67.44,56.6255,True,True,1.6482,10.09,3.9963,2.69,10.09,1.9963,7114222,7.9,-4.26,5.73,False,41.0,2018-01-01,2026-07-31,-13.78,68.18181818181817,0.0,8.8,2.34,0.1075,27.27272727272727,0.0,0.0,0.0,28.791,0.0,0,-0.67,1.478,5.3742,0.0,375.5,0.0,375.5,-0.124,-0.98,22.727272727272727,0.0,10.75,40.37,0.52,442,8,B,38.816,72.7273,4,7,,10.8401,44.95,62.33,12,-72.32,31.818181818181817,0.7472,Strong,8,3.9967,0.82,0.6274,4,0.7472,2.0019,47.365,0.0,15.35,2.04,3.43,0.66,25.0,0.0,Average,6,3,Average,2.0005,47.72727272727273,0.0,0.0,12.78,72.72727272727273,82.0,10.751,limited history: 8.6y (<10y) - lower confidence,1.075,3.9963,40.51,1.35,34.090909090909086,45.0,2.0019,8,5.37,0.537,20.18,36.79,4,1.35,2.01,43.53,56.96,97.96,92.4,107,2026-07-31,21.0271,ok,5.3742,65.8,291,355.32,20.18,415.87,0.0,24.2,107,10.0,2.0005,1,1,0.2,0,False,False,False,-432.9,100.0,NEW,43,9.7,2,68.613,8,71.23,4,100.0,35.9087,0.7442,Weak,0.0,5,13.1098,3,0.82,46.28,32.8,13.636363636363637,46.9,RBLBANK,8.6
1.0.0,20260731_193445,2026-07-31,19:34:45,2026-07-31 19:34:45.407247,RVNL,,Construction,,NSE,PASS_combined,BUY,False,20.4,41.14,,,223.95,226.52,222.1,225.48,225.48,4387522,31.35,76.39,11.75,48.45,66.32,64.05,62.94,30.14,97.6,74.67,76.95,67.446,False,False,0.0212,5.0,3.9955,2.22,5.0,1.9955,4132437,7.3,-5.22,13.58,False,0.0,2019-04-11,2026-07-31,-20.36,36.36363636363637,0.0,4.42,1.96,0.0887,100.0,100.0,100.0,1.8095,66.789,0.0008,0,1.17,1.0777,4.435,0.0,225.48,0.0,225.47999572753903,0.467,3.43,100.0,68.6,8.87,20.0,0.48,565,9,B,75.298,86.3636,5,4,,9.736,61.845,57.37,11,-82.89,77.27272727272727,0.009,Average,5,3.9955,0.0,0.7358,3,0.009,2.0023,53.87,15.198,-22.55,-0.45,-4.14,2.22,100.0,61.0,Strong,10,5,Strong,2.0,63.63636363636363,0.0,0.0041,-24.95,4.545454545454546,0.0,8.87,limited history: 7.3y (<10y) - lower confidence,0.9856,3.9955,16.71,2.6,100.0,86.7,2.0024,10,4.43,0.4922,10.0,100.0,5,2.6,0.02,35.5,42.7,43.88,56.75000000000001,138,,3.6491,ok,4.435,54.0,305,215.48,10.0,245.48,0.0,39.5,223,9.0,2.0,0,0,0.0,0,False,False,True,1939.73,100.0,WATCH,37,6.5,0,22.994,2,30.1,1,0.0,8.7538,0.9019,Strong,0.2162,10,8.3679,5,1.06,74.5,46.0,90.9090909090909,65.7,RVNL,7.3
1.0.0,20260731_193445,2026-07-31,19:34:45,2026-07-31 19:34:45.407247,SAIL,,Metals & Mining,,NSE,PASS_combined,WATCH,False,0.0,9.47,,,169.66,171.85,167.97,169.03,169.03,15516602,52.83,70.12,50.86,58.35,34.52,45.28,62.78,56.7,56.89,66.63,75.71,65.3535,True,False,4.2205,4.97,4.0,2.94,4.97,1.9966,13486652,6.6,-4.79,7.89,False,28.75,2018-01-01,2026-07-31,-26.01,13.636363636363637,0.0,3.88,2.3,0.1176,27.27272727272727,0.0,0.0,0.0,22.162,0.0,0,-0.01,1.3674,5.8747,0.0,169.03,0.0,169.02999877929688,-0.043,-0.28,40.909090909090914,0.0,11.76,19.87,0.36,453,9,B,57.204,81.8182,5,5,,13.4086,56.86,79.2,21,-91.32,90.9090909090909,1.2483,Average,7,3.9984,0.575,0.582,4,1.2483,2.0034,61.475,0.0,6.24,2.32,-4.59,0.91,40.909090909090914,0.0,Average,7,4,Strong,2.001,25.0,0.0,0.0,-9.76,22.727272727272727,25.6,11.7553,limited history: 8.6y (<10y) - lower confidence,1.3067,4.0,53.3,1.65,68.18181818181817,55.0,2.0035,10,5.87,0.6522,9.93,52.57,5,1.65,3.67,50.23,51.06,75.58,77.65,127,,12.9086,ok,5.8747,64.0,290,159.1,9.93,188.9,0.0,29.4,133,9.0,2.001,0,0,0.0,0,False,False,True,-128.73,100.0,WATCH,30,6.6,1,52.007,5,54.605,3,50.0,43.2717,0.6814,Weak,0.0,8,10.2261,4,1.15,85.08,35.5,31.818181818181817,50.7,SAIL,8.6
1.0.0,20260731_193445,2026-07-31,19:34:45,2026-07-31 19:34:45.407247,SUZLON,,Capital Goods,,NSE,PASS_combined,HOLD,False,6.13,24.02,,,47.56,48.18,47.13,48.01,48.01,56625863,80.34,31.58,2.75,18.13,46.94,44.18,38.54,38.15,52.76,52.83,51.05,51.149,False,False,-5.9748,1.6,4.003,3.34,1.6,2.003,72977244,5.3,-5.97,9.46,False,0.0,2018-01-01,2026-07-31,-22.41,22.727272727272727,0.0,1.05,2.19,0.1337,81.81818181818183,32.51,61.3,0.8196,26.468,-0.0288,0,1.29,1.8764,6.6861,0.0,48.01,0.0,48.0099983215332,0.148,0.78,77.27272727272727,15.6,13.37,6.42,0.34,528,4,C,62.227,36.3636,2,15,,18.5115,73.47,100.0,8,-88.89,86.36363636363636,-2.2934,Very Weak,1,4.0037,0.0,0.5206,1,-2.2934,1.9985,55.96,2.5489,-6.56,-7.73,-12.27,1.23,68.18181818181817,11.5,Average,6,3,Average,2.0,47.72727272727273,0.0,-0.4696,-12.47,13.636363636363637,18.8,13.3722,limited history: 8.6y (<10y) - lower confidence,1.91,4.003,73.69,1.58,50.0,52.7,1.9985,2,6.69,0.9557,3.21,48.89,1,1.58,-7.66,4.5,29.53,0.0,23.825000000000003,168,,0.6336,ok,6.6861,55.9,295,44.8,3.21,54.43,0.0,38.8,205,7.0,2.0,0,0,0.0,0,False,False,False,412.02,100.0,WATCH,28,5.3,0,5.508,1,10.44,1,0.0,1.1434,0.5984,Average,0.0478,10,17.141,5,0.78,41.58,43.8,86.36363636363636,62.6,SUZLON,8.6
1.0.0,20260731_193445,2026-07-31,19:34:45,2026-07-31 19:34:45.407247,TMPV,,Automobile and Auto Components,,NSE,PASS_combined,AVOID,False,1.6,18.33,,,335.55,341.95,334.5,339.75,339.75,8523128,17.7,59.05,14.16,56.91,29.24,30.67,39.58,28.1,46.5,40.08,43.12,39.2065,False,False,1.302,7.56,3.9955,2.23,7.56,1.9955,8153875,8.1,-3.88,6.35,False,0.0,2018-01-01,2026-07-31,-19.91,45.45454545454545,0.0,7.45,2.19,0.0891,59.09090909090909,8.48,16.0,0.1426,14.336,0.0003,0,1.66,1.0878,4.4533,0.0,339.75,0.0,339.75,0.041,0.34,63.63636363636363,6.8,8.91,30.26,0.4,514,2,C,52.076,18.1818,1,19,,5.4799,49.04,68.84,10,-81.94,72.72727272727273,0.5561,Average,6,3.9939,0.0,0.7328,3,0.5561,2.0022,38.375,1.1731,-4.7,1.89,-4.78,1.15,63.63636363636363,7.5,Weak,2,1,Weak,2.0,11.363636363636363,0.0,0.0198,0.71,40.909090909090914,51.8,8.9065,limited history: 8.6y (<10y) - lower confidence,0.6854,3.9955,17.21,1.64,63.63636363636363,54.7,2.0023,9,4.45,0.3423,15.13,52.05,5,1.64,1.24,40.42,50.91,75.02,77.27499999999999,124,,4.3839,ok,4.4533,57.8,297,324.62,15.13,370.01,0.0,23.9,123,13.0,2.0,0,0,0.0,0,False,False,False,173.53,100.0,WATCH,94,18.3,0,27.826,3,35.535,2,0.0,10.3821,0.8979,Weak,0.0168,6,8.4857,3,1.05,73.32,41.2,63.63636363636363,58.9,TMPV,8.6
1.0.0,20260731_193445,2026-07-31,19:34:45,2026-07-31 19:34:45.407247,VEDL,,Metals & Mining,,NSE,PASS_combined,AVOID,False,3.08,22.11,,,268.8,269.0,263.0,264.25,264.25,15443844,52.66,35.05,16.2,46.3,40.27,39.14,40.13,40.62,44.49,42.91,48.13,45.0495,False,False,5.759,7.6,3.9965,2.88,7.6,2.0,11896525,8.2,-4.43,7.22,False,0.0,2018-01-01,2026-07-31,-17.89,54.54545454545454,0.0,6.0,2.27,0.1151,68.18181818181817,16.33,30.8,0.3545,21.079,0.0042,0,-1.21,1.2522,5.7559,0.0,264.25,0.0,264.25,0.075,0.62,68.18181818181817,12.4,11.51,30.42,0.49,556,4,C,66.547,31.8182,2,16,,13.5722,59.695,79.12,11,-79.98,59.09090909090909,1.5382,Average,4,3.9972,0.0,0.5913,2,1.5382,1.9983,43.855,3.08,-48.17,-0.67,-9.23,1.25,72.72727272727273,12.5,Weak,4,2,Average,2.0,25.0,0.0,0.1364,-13.05,9.090909090909092,17.4,11.5118,limited history: 8.6y (<10y) - lower confidence,0.9592,3.9965,50.14,1.63,59.09090909090909,54.3,1.9983,4,5.76,0.48,15.21,51.52,2,1.63,4.43,53.3,40.18,34.32,50.45,113,,4.1753,ok,5.7559,55.4,308,249.04,15.21,294.67,0.0,29.5,164,12.0,2.0,0,0,0.0,0,False,False,False,344.91,100.0,WATCH,84,15.1,0,29.818,3,31.25,2,0.0,16.2,0.6938,Average,0.04,9,8.8538,5,1.3,100.0,43.3,77.27272727272727,61.9,VEDL,8.6
1.0.0,20260803_120930,2026-08-03,12:09:30,2026-08-03 12:09:30.376692,ADANIENSOL,,Power,,NSE,PASS_combined,STRONG BUY,False,8.91,41.65,,,1654.3,1676.0,1641.1,1646.5,1646.5,663932,77.74,45.99,58.89,35.88,28.27,62.77,63.28,65.19,44.19,75.79,77.36,69.7935,True,True,-1.344,52.92,4.0062,3.21,52.92,2.0031,2380452,6.9,-4.98,10.81,False,14.0,2018-01-01,2026-08-03,-22.22,27.27272727272727,0.0,34.9,2.12,0.1286,90.9090909090909,47.24,89.1,1.1458,46.941,-0.0381,0,0.07,2.5078,6.4288,0.0,1646.5,0.0,1646.5,0.225,1.55,86.36363636363636,31.0,12.86,211.7,0.54,665,9,B,32.924,86.3636,5,4,,18.4656,33.51,38.75,6,-88.43,81.81818181818183,-1.4953,Weak,2,4.0055,0.28,0.5391,1,-1.4953,2.0,61.865,0.9658,38.83,-1.87,3.98,1.53,86.36363636363636,26.5,Strong,10,5,Strong,2.0,38.63636363636363,0.0,-0.4277,17.0,77.27272727272727,92.5,12.8576,limited history: 8.6y (<10y) - lower confidence,1.6075,4.0062,68.98,2.17,90.9090909090909,72.3,1.9999,8,6.43,0.8038,105.85,80.46,4,2.17,-4.8,12.15,51.68,67.91,79.2,149,,13.9881,ok,6.4288,57.0,379,1540.65,105.85,1858.2,0.0,34.1,227,8.0,2.0,8,8,1.2,0,False,False,True,1031.89,100.0,WATCH,51,7.7,2,51.541,5,47.385,3,100.0,6.3837,0.6231,Weak,0.0249,5,45.9286,3,0.28,10.84,41.4,68.18181818181817,59.1,ADANIENSOL,8.6
1.0.0,20260803_120930,2026-08-03,12:09:30,2026-08-03 12:09:30.376692,ADANIENT,,Metals & Mining,,NSE,PASS_combined,WATCH,False,8.3,44.81,,,3025.0,3074.9,3024.5,3065.4,3065.4,526507,31.59,55.57,61.38,44.96,24.69,57.28,58.37,48.44,46.63,64.06,64.82,56.94,True,True,-1.406,71.85,4.0085,2.34,71.85,2.0043,1382270,9.0,-4.32,9.97,False,19.0,2018-01-01,2026-08-03,-9.49,90.9090909090909,0.0,50.4,1.64,0.0938,86.36363636363636,44.0,83.0,0.7785,45.352,-0.0255,0,1.86,1.6957,4.6878,0.0,3065.4,0.0,3065.39990234375,0.201,1.82,90.9090909090909,36.4,9.38,287.4,0.52,726,7,B,33.133,63.6364,4,9,,9.4581,29.75,34.81,9,-76.91,45.45454545454545,-1.5812,Average,4,4.0067,0.38,0.7042,2,-1.5812,2.0,43.58,1.6625,25.15,-1.05,0.75,1.74,90.9090909090909,37.0,Average,9,5,Average,2.0,95.45454545454545,0.0,-0.3071,20.72,90.9090909090909,100.0,9.3756,limited history: 8.6y (<10y) - lower confidence,0.7215,4.0085,26.12,2.31,95.45454545454545,77.0,1.9997,9,4.69,0.3608,143.7,87.87,5,2.31,-3.7,17.04,50.53,62.92,76.325,142,,18.3772,ok,4.6878,55.8,405,2921.7,143.7,3352.8,0.0,33.1,240,13.0,2.0,0,0,0.0,0,False,False,False,1322.15,100.0,WATCH,81,11.2,2,53.397,7,53.17,4,100.0,12.2944,0.8547,Weak,0.0315,4,24.6842,2,0.38,20.03,43.0,72.72727272727273,61.4,ADANIENT,8.6
1.0.0,20260803_120930,2026-08-03,12:09:30,2026-08-03 12:09:30.376692,BHEL,,Capital Goods,,NSE,PASS_combined,WATCH,False,0.31,19.67,,,409.0,414.35,407.7,411.9,411.9,3154760,62.96,42.32,61.07,43.61,32.92,49.26,57.37,62.54,41.49,59.55,66.92,59.104,True,True,-0.2814,12.77,4.0,3.1,12.77,2.0,14709165,6.4,-4.62,8.28,False,10.5,2018-01-01,2026-08-03,-28.29,9.090909090909092,0.0,6.65,1.61,0.124,54.54545454545454,1.64,3.1,0.0384,25.725,-0.0,0,1.2,2.562,6.2005,0.0,411.9,0.0,411.8999938964844,0.009,0.06,54.54545454545454,1.2,12.4,51.09,0.49,590,8,B,27.888,72.7273,4,7,,15.3561,49.055,65.19,9,-94.1,95.45454545454545,-0.4323,Average,4,4.0011,0.21,0.5557,2,-0.4323,2.0,52.64,0.0136,30.79,1.3,2.49,1.02,54.54545454545454,1.0,Average,7,4,Average,2.0004,25.0,0.0,-0.0042,7.07,59.09090909090909,67.7,12.4035,limited history: 8.6y (<10y) - lower confidence,1.55,4.0,63.32,1.79,72.72727272727273,59.7,2.0,5,6.2,0.775,25.54,60.34,3,1.79,-1.34,27.54,53.72,76.77,84.3,152,,14.8951,ok,6.2005,62.5,369,386.36,25.54,462.99,0.0,26.6,157,8.0,2.0004,5,5,0.8,0,False,False,False,34.49,100.0,WATCH,59,10.0,2,56.452,6,52.34,3,100.0,2.6871,0.6452,Weak,0.0007,7,59.0476,4,0.21,4.4,36.3,36.36363636363637,51.9,BHEL,8.6
1.0.0,20260803_120930,2026-08-03,12:09:30,2026-08-03 12:09:30.376692,DEEPAKNTR,,Chemicals,,NSE,PASS_combined,HOLD,False,0.0,9.76,,,1667.0,1709.2,1656.1,1702.1,1702.1,101191,46.58,44.01,73.53,57.12,9.85,40.46,53.45,65.28,16.25,49.62,56.27,49.8155,True,True,0.7259,47.27,3.9964,2.78,47.27,1.9964,165932,7.6,-4.0,5.94,False,30.5,2018-01-01,2026-08-03,-13.65,72.72727272727273,0.0,53.1,3.12,0.1111,27.27272727272727,0.0,0.0,0.0,24.029,0.0,0,2.4,1.7267,5.5537,0.0,1702.1,0.0,1702.0999755859375,-0.01,-0.08,45.45454545454545,0.0,11.11,189.07,0.29,517,6,C,15.083,59.0909,3,10,,12.3228,8.34,6.83,12,-76.31,40.909090909090914,0.4281,Average,7,3.9957,0.61,0.61,4,0.4281,2.0018,45.295,0.0,4.76,2.42,3.32,0.97,45.45454545454545,0.0,Average,5,3,Average,2.0001,77.27272727272727,0.0,0.0,-6.13,27.27272727272727,34.7,11.108,limited history: 8.6y (<10y) - lower confidence,1.111,3.9964,47.43,1.48,45.45454545454545,49.3,2.0018,6,5.55,0.555,94.53,43.92,3,1.48,1.19,38.79,56.67,89.58,91.67500000000001,117,,19.4524,ok,5.5537,59.6,308,1607.57,94.53,1891.17,0.0,28.0,145,10.0,2.0001,0,0,0.0,0,False,False,False,-39.45,100.0,WATCH,64,12.4,2,64.862,9,65.325,5,100.0,30.2723,0.7201,Very Weak,0.0,1,18.2131,1,0.61,41.17,39.5,52.27272727272727,56.4,DEEPAKNTR,8.6
1.0.0,20260803_120930,2026-08-03,12:09:30,2026-08-03 12:09:30.376692,ETERNAL,,Consumer Services,,NSE,PASS_combined,BUY,False,1.65,23.88,,,303.5,308.8,300.05,307.0,307.0,13568122,71.63,38.18,74.3,59.51,38.78,54.07,66.69,78.49,47.77,62.7,81.79,68.1805,True,True,2.3766,9.97,3.9969,3.25,9.97,1.9969,39387791,7.9,-4.16,5.38,False,17.0,2021-07-23,2026-08-03,-21.44,31.818181818181817,0.0,8.75,2.85,0.1299,63.63636363636363,8.75,16.5,0.2143,34.421,0.0019,0,1.5,2.4254,6.4919,0.0,307.0,0.0,307.0,0.038,0.31,59.09090909090909,6.2,12.99,39.87,0.35,372,10,A,43.51,95.4545,5,2,,16.8541,64.365,89.95,6,-64.2,22.727272727272727,2.1508,Average,8,3.996,0.34,0.5335,4,2.1508,2.0015,54.905,0.2698,12.22,4.8,13.15,1.14,59.09090909090909,7.0,Average,9,5,Strong,2.0005,4.545454545454546,0.0,0.1153,19.9,86.36363636363636,99.8,12.987,limited history: 5.0y (<10y) - lower confidence,1.1809,3.9969,70.58,1.29,27.27272727272727,43.0,2.0015,4,6.49,0.59,19.93,33.86,2,1.29,6.99,64.59,64.83,83.07,87.92500000000001,81,,17.4824,ok,6.4919,53.2,198,287.07,19.93,346.87,0.0,33.6,125,11.0,2.0005,0,0,0.0,0,True,True,True,113.5,100.0,WATCH,49,13.2,2,73.874,9,66.905,5,100.0,12.1481,0.6159,Weak,0.0056,10,38.2059,5,0.34,16.35,46.8,95.45454545454545,66.9,ETERNAL,5.0
1.0.0,20260803_120930,2026-08-03,12:09:30,2026-08-03 12:09:30.376692,HAL,,Capital Goods,,NSE,PASS_combined,HOLD,False,3.43,29.34,,,4660.4,4689.0,4647.5,4666.0,4666.0,259501,0.67,56.43,74.84,70.5,15.57,46.79,56.41,50.21,33.8,47.85,56.26,46.053,True,True,1.599,84.42,4.0,1.81,84.42,2.0,635315,7.9,-4.08,7.81,False,20.5,2018-04-02,2026-08-03,-12.16,81.81818181818183,0.0,41.5,0.89,0.0724,72.72727272727273,18.18,34.3,0.2483,34.656,0.0046,0,0.42,1.2837,3.6185,0.0,4666.0,0.0,4666.0,0.089,0.7,72.72727272727273,14.0,7.24,337.68,0.3,676,6,C,21.412,54.5455,3,11,,0.2384,19.19,22.81,9,-80.91,68.18181818181817,2.1547,Strong,10,3.9983,0.41,0.8654,5,2.1547,2.0,28.55,0.7814,7.38,3.14,5.69,1.29,77.27272727272727,14.5,Average,7,4,Average,2.0,90.9090909090909,0.0,0.1338,0.85,45.45454545454545,52.1,7.237,limited history: 8.3y (<10y) - lower confidence,0.6033,4.0,0.0,1.91,77.27272727272727,63.7,1.9997,10,3.62,0.3017,168.84,66.69,5,1.91,3.9,50.84,66.94,73.91,82.65,135,,26.6335,ok,3.6185,59.2,400,4497.16,168.84,5003.68,0.0,27.4,185,12.0,2.0,0,0,0.0,0,False,False,False,474.41,100.0,WATCH,91,13.5,2,71.364,10,72.67,5,100.0,17.0486,1.105,Very Weak,0.0141,2,17.6585,1,0.41,22.78,40.2,59.09090909090909,57.4,HAL,8.3
1.0.0,20260803_120930,2026-08-03,12:09:30,2026-08-03 12:09:30.376692,HDFCBANK,,Financial Services,,NSE,PASS_combined,AVOID,False,0.0,7.34,,,753.05,756.85,750.25,753.9,753.9,8195648,0.0,45.41,3.45,41.67,29.88,11.35,22.27,12.49,42.6,16.93,12.61,15.3865,False,False,-0.8235,13.81,4.0055,1.83,13.81,2.0,29822724,7.1,-3.26,2.09,True,0.0,2018-01-01,2026-08-03,-9.0,95.45454545454545,0.0,6.6,0.88,0.0733,27.27272727272727,0.0,0.0,0.0,7.011,-0.0,0,0.77,1.4409,3.6636,0.0,753.9,0.0,753.9000244140625,-0.206,-1.47,13.636363636363635,0.0,7.33,55.25,0.65,120,1,E,35.532,9.0909,1,21,,0.0,55.635,81.39,8,-56.13,13.636363636363635,-1.6667,Average,3,4.0047,0.0,0.8594,2,-1.6667,2.0027,22.705,0.0,-12.23,-3.43,-2.38,0.32,9.090909090909092,0.0,Very Weak,1,1,Very Weak,2.0004,56.81818181818182,0.0,-0.0,-3.79,36.36363636363637,40.5,7.3286,limited history: 8.6y (<10y) - lower confidence,1.0471,4.0055,0.88,0.64,4.545454545454546,21.3,2.0025,7,3.66,0.5229,27.62,0.0,4,0.64,-3.05,19.93,42.23,26.88,55.57499999999999,43,,1.2191,ok,3.6636,65.0,78,726.28,27.62,809.15,0.0,7.5,9,7.0,2.0004,0,0,0.0,0,False,False,False,-176.85,100.0,WATCH,33,27.5,0,9.433,1,22.56,1,0.0,0.3422,1.0944,Weak,0.0,6,27.1481,3,0.27,9.92,33.3,18.181818181818183,47.6,HDFCBANK,8.6
1.0.0,20260803_120930,2026-08-03,12:09:30,2026-08-03 12:09:30.376692,HINDALCO,,Metals & Mining,,NSE,PASS_combined,AVOID,False,0.0,9.69,,,990.0,991.0,981.35,988.2,988.2,2220861,6.3,42.54,46.08,70.25,23.01,32.21,42.88,43.07,32.13,30.37,38.74,33.138,True,False,2.0874,19.42,3.9898,1.97,19.42,1.9949,4549470,8.2,-3.91,5.26,False,12.25,2018-01-01,2026-08-03,-9.85,86.36363636363636,0.0,9.65,0.98,0.0786,27.27272727272727,0.0,0.0,0.0,18.426,0.0,0,1.41,1.3221,3.9314,0.0,988.2,0.0,988.2000122070312,-0.035,-0.29,36.36363636363637,0.0,7.86,77.69,1.6,580,3,D,32.738,22.7273,2,18,,2.1212,41.125,59.24,5,-61.54,18.181818181818183,2.1624,Strong,10,3.9908,0.245,0.8095,5,2.1624,2.0,24.42,0.0,5.74,3.03,-1.32,0.88,36.36363636363637,0.0,Weak,3,2,Weak,1.9997,68.18181818181817,0.0,0.0,-5.01,31.818181818181817,37.5,7.8618,limited history: 8.6y (<10y) - lower confidence,0.6046,3.9898,7.4,1.35,34.090909090909086,45.0,2.0,6,3.93,0.3023,38.85,37.04,3,1.35,4.26,52.44,57.53,93.32,93.825,109,,15.5152,ok,3.9314,59.0,342,949.35,38.85,1065.89,0.0,22.9,133,13.0,1.9997,0,0,0.0,0,False,False,False,-168.89,100.0,WATCH,105,18.1,1,48.25,5,58.165,3,50.0,13.8885,1.0152,Weak,0.0,4,16.0408,2,0.49,30.14,39.5,52.27272727272727,56.4,HINDALCO,8.6
1.0.0,20260803_120930,2026-08-03,12:09:30,2026-08-03 12:09:30.376692,HSCL,,Chemicals,,NSE,PASS_combined,BUY,True,0.0,12.78,,UPTREND,750.0,756.85,735.2,751.05,751.05,2353069,100.0,32.74,61.24,29.86,33.49,49.79,56.3,71.5,34.62,63.6,69.14,64.439,True,True,-0.5635,31.68,3.7915,4.22,31.68,1.8957,10430824,7.0,-4.64,7.39,False,11.5,2018-01-01,2026-08-03,-17.06,59.09090909090909,0.0,21.65,2.88,0.16,27.27272727272727,0.0,0.0,0.0,25.07,-0.0,0,0.05,3.4309,7.9995,0.0,751.05,0.0,751.0499877929688,-0.003,-0.02,50.0,0.0,16.0,120.17,-0.09,539,8,B,25.96,77.2727,4,6,,19.1571,46.855,60.22,8,-79.57,54.54545454545454,-0.5806,Weak,2,3.7915,0.23,0.4213,1,-0.5806,2.0,66.37,0.0,40.64,3.21,9.54,0.99,50.0,0.0,Average,8,4,Strong,2.0002,38.63636363636363,0.0,-0.0,18.41,81.81818181818183,96.0,16.0003,limited history: 8.6y (<10y) - lower confidence,1.7778,3.7915,100.0,1.59,54.54545454545454,53.0,2.0,3,8.0,0.8889,60.08,49.75,2,1.59,-2.45,22.6,56.68,89.63,91.7,138,2026-08-03,11.7318,ok,7.9995,59.2,319,690.97,60.08,871.22,0.0,29.3,158,9.0,2.0002,7,7,1.3,0,False,False,False,-10.51,100.0,NEW,55,10.2,2,56.516,7,45.55,4,100.0,3.8214,0.4739,Weak,0.0,8,69.5652,4,0.23,6.24,38.4,45.45454545454545,54.9,HSCL,8.6
1.0.0,20260803_120930,2026-08-03,12:09:30,2026-08-03 12:09:30.376692,INDUSINDBK,,Financial Services,,NSE,PASS_combined,AVOID,False,0.0,10.38,,,1019.0,1022.8,1013.3,1020.3,1020.3,431043,24.27,39.56,60.52,52.74,20.5,29.7,41.54,48.3,24.68,32.32,38.6,34.8145,True,True,-0.2074,23.74,3.9957,2.33,23.74,1.9957,2482270,8.7,-3.58,3.31,False,8.5,2018-01-01,2026-08-03,-18.01,50.0,0.0,9.5,0.93,0.0931,27.27272727272727,0.0,0.0,0.0,22.256,-0.0,0,0.78,1.9915,4.6535,0.0,1020.3,0.0,1020.2999877929688,-0.141,-1.23,18.181818181818183,0.0,9.31,94.96,0.65,340,2,D,12.787,18.1818,1,19,,7.2883,25.96,31.42,5,-78.21,50.0,-0.5236,Average,5,3.9945,0.17,0.707,3,-0.5236,2.0022,31.915,0.0,14.86,0.37,6.23,0.48,18.181818181818183,0.0,Weak,2,1,Weak,2.0,11.363636363636363,0.0,-0.0,7.94,63.63636363636363,69.8,9.3071,limited history: 8.6y (<10y) - lower confidence,0.5172,3.9957,25.26,0.92,13.636363636363635,30.7,2.0023,5,4.65,0.2583,47.48,14.27,3,0.92,-1.22,28.07,56.78,90.06,91.95,84,,18.1742,ok,4.6535,64.1,218,972.82,47.48,1115.26,0.0,12.9,44,18.0,2.0,0,0,0.0,0,False,False,False,-418.12,100.0,WATCH,78,22.9,2,57.652,6,56.63,3,100.0,0.4418,0.8593,Weak,0.0,3,54.7647,2,0.17,0.73,34.1,22.727272727272727,48.7,INDUSINDBK,8.6
1.0.0,20260803_120930,2026-08-03,12:09:30,2026-08-03 12:09:30.376692,IREDA,,Financial Services,,NSE,PASS_combined,AVOID,False,0.0,4.78,,,120.38,123.85,120.19,122.72,122.72,5149077,7.44,22.27,13.27,54.2,28.14,15.49,19.25,25.08,24.45,5.7,7.76,11.4345,False,False,0.9417,2.44,3.995,1.99,2.44,2.0,3981785,4.2,-5.21,3.59,True,0.0,2023-11-29,2026-08-03,-20.02,40.909090909090914,0.0,3.66,2.98,0.0795,27.27272727272727,0.0,0.0,0.0,9.609,0.0,0,2.62,0.869,3.9765,13.2,122.72,0.0,122.72000122070312,-0.746,-3.16,4.545454545454546,0.0,7.95,9.76,0.66,30,1,E,59.404,4.5455,1,22,,2.4883,50.825,73.51,4,-43.41,9.090909090909092,0.3668,Average,6,3.9965,0.0,0.8025,3,0.3668,1.9975,14.855,0.0,-6.16,0.93,-1.36,0.21,4.545454545454546,0.0,Very Weak,1,1,Very Weak,2.0,77.27272727272727,0.0,0.0,-10.04,13.636363636363635,24.9,7.9531,limited history: 2.7y (<10y) - lower confidence,2.65,3.995,8.51,0.69,9.090909090909092,23.0,1.9974,1,3.98,1.3267,4.88,2.09,1,0.69,0.73,36.75,50.66,63.49,76.64999999999999,20,,4.4381,ok,3.9765,73.3,22,117.84,4.88,132.48,0.0,13.3,4,3.0,2.0,0,0,0.0,0,False,False,False,-94.79,40.0,WATCH,4,13.3,0,27.367,2,33.735,1,0.0,13.27,1.0038,Weak,0.0,5,6.1628,3,1.29,100.0,23.3,4.545454545454546,33.3,IREDA,2.7
1.0.0,20260803_120930,2026-08-03,12:09:30,2026-08-03 12:09:30.376692,LAURUSLABS,,Healthcare,,NSE,PASS_combined,STRONG BUY,True,13.08,50.27,1.0,UPTREND,1821.0,1838.3,1789.1,1825.0,1825.0,1081268,42.39,41.55,89.83,66.3,38.28,72.79,72.41,73.05,54.32,67.62,85.84,70.069,True,True,8.3643,45.22,3.996,2.48,45.22,2.0,2220806,9.0,-4.35,8.89,False,24.5,2018-01-01,2026-08-03,-13.0,77.27272727272727,0.0,49.2,2.7,0.0991,95.45454545454545,69.34,100.0,1.2962,69.275,0.2921,0,0.48,1.6644,4.9556,0.0,1825.0,0.0,1825.0,0.268,2.42,95.45454545454545,48.4,9.91,180.88,0.26,642,10,A,48.652,100.0,5,1,,12.181,42.65,47.02,8,-80.69,63.63636363636363,6.8831,Strong,9,3.9965,0.49,0.6706,5,6.8831,1.998,41.97,3.9423,56.74,12.9,21.4,2.14,95.45454545454545,57.0,Strong,10,5,Strong,2.0,86.36363636363636,0.0,2.2328,55.13,100.0,100.0,9.9112,limited history: 8.6y (<10y) - lower confidence,0.6834,3.996,32.65,2.04,86.36363636363636,68.0,1.9977,5,4.96,0.3421,90.44,73.57,3,2.04,17.07,100.0,82.27,7.34,44.32500000000002,131,2026-08-03,25.8132,ok,4.9556,48.3,310,1734.56,90.44,2005.88,0.0,33.3,214,14.5,2.0,0,0,0.0,0,True,True,True,1551.31,100.0,NEW,118,18.4,2,93.014,10,78.065,5,100.0,27.0748,0.8056,Weak,0.0641,9,20.2245,5,0.49,30.14,51.1,100.0,73.0,LAURUSLABS,8.6
1.0.0,20260803_120930,2026-08-03,12:09:30,2026-08-03 12:09:30.376692,NESTLEIND,,Fast Moving Consumer Goods,,NSE,PASS_combined,AVOID,False,0.0,12.93,,,1509.5,1523.7,1505.5,1510.7,1510.7,522609,15.68,34.74,70.08,66.86,18.36,37.98,45.49,54.03,19.94,31.9,42.21,36.264,True,True,0.979,32.53,4.0047,2.15,32.53,2.0047,2361551,10.1,-2.86,4.16,False,11.0,2018-01-01,2026-08-03,-2.12,100.0,0.0,18.2,1.2,0.0861,27.27272727272727,0.0,0.0,0.0,24.696,0.0,0,0.07,1.7623,4.3066,33.9,1510.7,0.0,1510.699951171875,-0.041,-0.41,31.818181818181817,0.0,8.61,130.12,-0.01,172,4,C,15.472,31.8182,2,16,,4.9778,26.525,34.69,9,-33.07,4.545454545454546,2.0698,Strong,10,4.0061,0.22,0.7544,5,2.0698,1.9977,25.21,0.0,14.4,3.42,5.92,0.78,31.818181818181817,0.0,Weak,4,2,Weak,2.0,100.0,0.0,0.0,2.14,50.0,55.4,8.6132,limited history: 8.6y (<10y) - lower confidence,0.4305,4.0047,16.64,1.45,40.909090909090914,48.3,1.9977,3,4.31,0.2155,65.06,42.33,2,1.45,4.45,53.29,64.1,86.24,89.75000000000001,38,,22.2476,ok,4.3066,63.4,109,1445.64,65.06,1640.82,0.0,16.3,28,20.0,2.0,1,1,0.6,0,False,False,False,-70.91,100.0,WATCH,34,19.8,2,69.045,8,68.47,4,100.0,3.7283,0.9292,Very Weak,0.0,3,39.1364,2,0.22,5.32,34.9,27.27272727272727,49.9,NESTLEIND,8.6
1.0.0,20260803_120930,2026-08-03,12:09:30,2026-08-03 12:09:30.376692,PAYTM,,Financial Services,,NSE,PASS_combined,WATCH,True,0.0,12.46,,UPTREND,1348.0,1437.6,1344.4,1420.7,1420.7,4081060,70.49,26.02,89.61,56.09,35.6,50.53,60.78,81.52,32.97,51.7,71.84,60.5025,True,True,5.973,46.3,4.0,3.26,46.3,2.0,3714802,7.1,-4.22,4.68,False,55.0,2021-11-18,2026-08-03,-23.49,18.181818181818183,0.0,93.2,6.56,0.1304,27.27272727272727,0.0,0.0,0.0,34.003,0.0,0,5.79,1.5524,6.5186,0.0,1420.7,0.0,1420.699951171875,-0.125,-0.89,27.27272727272727,0.0,13.04,185.22,0.37,283,9,B,53.684,81.8182,5,5,,16.5469,52.58,69.56,7,-71.74,27.27272727272727,1.6656,Average,7,3.9991,1.1,0.5318,4,1.6656,2.0,48.255,0.0,18.53,7.64,18.98,0.66,25.0,0.0,Average,8,4,Strong,2.0,56.81818181818182,0.0,0.0,27.92,95.45454545454545,100.0,13.0372,limited history: 4.7y (<10y) - lower confidence,1.5341,4.0,71.2,1.11,22.727272727272727,37.0,1.9999,2,6.52,0.7671,92.61,24.33,1,1.11,5.43,57.65,73.09,47.2,67.27499999999999,70,2026-08-03,21.0352,ok,6.5186,61.8,175,1328.09,92.61,1605.92,0.0,26.1,74,8.5,2.0,0,0,0.0,0,False,False,True,-251.62,100.0,NEW,34,12.0,2,82.577,10,72.85,5,100.0,77.2438,0.6135,Weak,0.0,9,11.8545,5,1.1,86.2,37.5,40.909090909090914,53.6,PAYTM,4.7
1.0.0,20260803_120930,2026-08-03,12:09:30,2026-08-03 12:09:30.376692,PHOENIXLTD,,Realty,,NSE,PASS_combined,AVOID,False,0.0,9.95,,,1893.7,1933.0,1883.9,1927.0,1927.0,204765,47.42,20.03,53.61,25.81,15.25,26.74,27.12,44.39,5.72,24.67,20.98,25.9555,True,True,-1.7016,53.83,4.0036,2.79,53.83,2.0036,851636,7.1,-4.44,4.16,True,12.0,2018-01-01,2026-08-03,-30.5,4.545454545454546,0.0,49.1,2.55,0.1117,27.27272727272727,0.0,0.0,0.0,19.133,-0.0,0,1.78,2.25,5.5874,0.0,1927.0,0.0,1927.0,-0.233,-1.65,9.090909090909092,0.0,11.17,215.34,0.02,518,2,D,9.664,13.6364,1,20,,12.5119,17.02,18.79,16,-95.52,100.0,-2.5412,Weak,1,4.0053,0.24,0.6078,1,-2.5412,1.9982,33.725,0.0,8.3,-5.66,0.2,0.45,13.636363636363635,0.0,Weak,2,1,Weak,2.0,25.0,0.0,-0.0,4.78,54.54545454545454,62.0,11.1749,limited history: 8.6y (<10y) - lower confidence,1.117,4.0036,48.17,0.94,18.181818181818183,31.3,1.9982,1,5.59,0.559,107.67,15.33,1,0.94,-7.09,1.97,42.31,27.23,55.775000000000006,122,,14.1451,ok,5.5874,66.8,346,1819.33,107.67,2142.34,0.0,22.4,116,10.0,2.0,0,0,0.0,0,False,False,False,-856.17,100.0,WATCH,56,10.8,2,43.807,5,39.71,3,100.0,3.8385,0.7162,Very Weak,0.0,2,46.5417,1,0.24,7.16,32.4,9.090909090909092,46.3,PHOENIXLTD,8.6
1.0.0,20260803_120930,2026-08-03,12:09:30,2026-08-03 12:09:30.376692,POLYCAB,,Capital Goods,,NSE,PASS_combined,AVOID,False,4.18,34.25,,,9120.0,9150.0,9071.0,9075.0,9075.0,60797,29.74,49.83,36.8,49.45,13.75,38.33,44.07,41.36,25.78,46.83,42.25,40.7265,True,False,0.3424,215.19,4.0,2.37,215.19,2.0,369399,9.7,-3.44,6.73,False,4.0,2019-04-16,2026-08-03,-14.73,63.63636363636363,0.0,79.0,0.87,0.0948,77.27272727272727,22.16,41.8,0.3963,24.87,0.0037,0,-0.35,2.0431,4.7425,0.0,9075.0,0.0,9075.0,0.101,0.98,81.81818181818183,19.6,9.48,860.76,0.15,596,4,C,6.648,36.3636,2,15,,8.8249,6.875,0.0,9,-74.07,36.36363636363637,0.903,Average,5,4.0021,0.08,0.6972,3,0.903,2.0,39.785,0.0,11.76,-0.35,-3.73,1.5,81.81818181818183,25.0,Weak,5,3,Average,2.0,77.27272727272727,0.0,0.0895,8.35,68.18181818181817,70.9,9.485,limited history: 7.3y (<10y) - lower confidence,0.632,4.0,27.36,1.96,81.81818181818183,65.3,2.0,9,4.74,0.316,430.38,69.34,5,1.96,2.14,43.02,46.72,46.38,66.8,102,,10.9199,ok,4.7425,54.9,327,8644.62,430.38,9935.76,0.0,23.8,142,15.0,2.0,0,0,0.0,0,False,False,False,581.97,100.0,WATCH,127,21.3,1,37.436,4,43.125,2,50.0,0.0,0.8439,Very Weak,0.0067,1,59.25,1,0.16,0.0,43.5,81.81818181818183,62.1,POLYCAB,7.3
1.0.0,20260803_120930,2026-08-03,12:09:30,2026-08-03 12:09:30.376692,RBLBANK,,Financial Services,,NSE,PASS_combined,HOLD,True,0.0,11.54,,UPTREND,379.5,382.4,376.35,379.6,379.6,1738735,37.76,36.03,67.76,60.77,25.81,41.5,51.2,60.85,29.63,42.11,54.05,46.3935,True,True,0.7575,9.86,4.0,2.6,9.86,2.0,6873612,7.9,-4.24,5.73,False,12.5,2018-01-01,2026-08-03,-13.68,68.18181818181817,0.0,6.05,1.59,0.104,27.27272727272727,0.0,0.0,0.0,25.49,0.0,0,1.09,2.08,5.1976,0.0,379.6,0.0,379.6000061035156,-0.124,-0.98,22.727272727272727,0.0,10.4,39.46,1.07,443,5,C,24.46,50.0,3,12,,10.4889,40.45,55.09,12,-72.07,31.818181818181817,1.1654,Strong,8,3.9982,0.25,0.6449,4,1.1654,2.0,36.895,0.0,16.45,3.0,4.35,0.66,25.0,0.0,Average,5,3,Average,2.0,47.72727272727273,0.0,0.0,13.03,72.72727272727273,82.6,10.3952,limited history: 8.6y (<10y) - lower confidence,1.04,4.0,38.69,1.35,34.090909090909086,45.0,2.0,4,5.2,0.52,19.73,37.04,2,1.35,3.03,46.97,59.38,100.0,98.45,108,2026-08-03,18.8222,ok,5.1976,65.7,291,359.87,19.73,419.06,0.0,24.2,107,10.0,2.0,1,1,0.2,0,False,False,False,-432.0,100.0,NEW,44,9.9,2,65.253,8,64.265,4,100.0,5.475,0.7692,Weak,0.0,5,41.6,3,0.25,8.08,32.7,13.636363636363635,46.7,RBLBANK,8.6
1.0.0,20260803_120930,2026-08-03,12:09:30,2026-08-03 12:09:30.376692,RVNL,,Construction,,NSE,PASS_combined,BUY,False,20.4,41.12,,,225.7,232.4,225.7,230.8,230.8,4256128,34.17,58.23,13.82,53.27,69.96,67.5,65.23,37.47,95.38,73.56,78.82,66.77,False,False,1.7473,5.14,3.991,2.23,5.14,1.9955,4213431,7.3,-5.22,13.58,False,0.0,2019-04-11,2026-08-03,-20.36,36.36363636363637,0.0,6.7,2.9,0.089,100.0,100.0,100.0,1.8156,68.138,0.072,0,2.36,1.1095,4.4541,0.0,230.8,0.0,230.8000030517578,0.467,3.43,100.0,68.6,8.9,20.55,0.1,565,10,B,81.491,90.9091,5,3,,10.5789,70.12,70.28,11,-82.89,77.27272727272727,0.7758,Average,5,3.9927,0.0,0.7326,3,0.7758,2.0,46.2,15.8977,-20.58,1.96,-1.53,2.22,100.0,61.0,Strong,10,5,Strong,1.999,63.63636363636363,0.0,0.3529,-24.35,4.545454545454546,0.0,8.9038,limited history: 7.3y (<10y) - lower confidence,0.9889,3.991,20.21,2.6,100.0,86.7,2.0002,10,4.45,0.4944,10.28,100.0,5,2.6,1.73,41.19,51.44,66.87,78.6,138,,4.2786,ok,4.4541,54.0,305,220.52,10.28,251.35,0.0,39.5,223,9.0,1.999,0,0,0.0,0,True,True,True,1939.74,100.0,WATCH,37,6.5,0,26.85,3,33.545,2,0.0,10.7699,0.8969,Strong,0.206,10,8.8119,5,1.01,77.93,46.0,90.9090909090909,65.7,RVNL,7.3
1.0.0,20260803_120930,2026-08-03,12:09:30,2026-08-03 12:09:30.376692,SAIL,,Metals & Mining,,NSE,PASS_combined,HOLD,False,0.0,9.44,,,170.6,172.7,169.89,169.98,169.98,4273142,51.06,32.15,42.28,54.54,29.42,41.65,46.92,55.65,31.89,43.77,50.19,45.9065,True,False,1.4883,4.87,3.9965,2.87,4.87,2.0,13061353,6.6,-4.79,7.89,False,8.25,2018-01-01,2026-08-03,-26.01,13.636363636363635,0.0,2.81,1.65,0.1147,27.27272727272727,0.0,0.0,0.0,18.568,0.0,0,0.56,2.1579,5.736,0.0,169.98,0.0,169.97999572753906,-0.043,-0.28,40.909090909090914,0.0,11.47,19.5,0.93,453,5,C,32.765,45.4545,3,13,,13.1938,49.88,70.34,21,-91.32,90.9090909090909,1.5714,Average,6,3.9972,0.165,0.5931,3,1.5714,1.9983,41.605,0.0,6.7,2.87,-3.75,0.91,40.909090909090914,0.0,Average,6,3,Average,2.0,25.0,0.0,0.0,-8.63,22.727272727272727,28.4,11.4719,limited history: 8.6y (<10y) - lower confidence,1.2744,3.9965,51.86,1.65,68.18181818181817,55.0,1.9981,2,5.74,0.6378,9.75,52.92,1,1.65,4.51,53.56,52.81,72.82,82.025,127,,10.9251,ok,5.736,64.0,290,160.23,9.75,189.48,0.0,29.4,133,9.0,2.0,0,0,0.0,0,False,False,False,-128.73,100.0,WATCH,30,6.6,1,44.943,4,48.41,2,50.0,6.5238,0.6963,Weak,0.0,6,34.7576,3,0.33,15.43,35.5,31.818181818181817,50.7,SAIL,8.6
1.0.0,20260803_120930,2026-08-03,12:09:30,2026-08-03 12:09:30.376692,SUZLON,,Capital Goods,,NSE,PASS_combined,WATCH,False,6.13,24.53,,,48.2,49.09,48.08,49.03,49.03,28720711,73.89,66.34,0.21,14.24,43.08,44.28,52.32,34.87,74.38,74.81,65.4,62.5905,False,False,-3.1365,1.57,3.9969,3.2,1.57,1.9938,70761642,5.3,-5.97,9.46,False,0.0,2018-01-01,2026-08-03,-22.41,22.727272727272727,0.0,1.01,2.06,0.1279,81.81818181818183,32.5,61.3,0.784,24.929,-0.0287,0,2.12,2.2695,6.3838,0.0,49.03,0.0,49.029998779296875,0.148,0.78,77.27272727272727,15.6,12.79,6.27,0.4,528,7,B,56.584,68.1818,4,8,,17.5929,71.54,100.0,8,-88.89,86.36363636363636,-2.3906,Very Weak,1,3.9963,0.0,0.5415,1,-2.3906,2.0047,70.115,1.3964,-4.53,-5.18,-10.25,1.23,68.18181818181817,11.5,Average,6,3,Strong,2.0032,47.72727272727273,0.0,-0.4689,-9.74,18.181818181818183,25.6,12.7881,limited history: 8.6y (<10y) - lower confidence,1.8271,3.9969,68.12,1.58,50.0,52.7,2.0047,10,6.38,0.9114,3.13,49.22,5,1.58,-7.65,0.0,35.59,0.0,38.975,168,,0.05,ok,6.3838,55.9,295,45.9,3.13,55.3,0.0,38.8,205,7.0,2.0032,0,0,0.0,0,False,False,False,412.02,100.0,WATCH,28,5.3,0,2.278,1,7.225,1,0.0,0.0478,0.6265,Average,0.0251,10,31.1951,5,0.41,22.78,43.8,86.36363636363636,62.6,SUZLON,8.6
1.0.0,20260803_120930,2026-08-03,12:09:30,2026-08-03 12:09:30.376692,TMPV,,Automobile and Auto Components,,NSE,PASS_combined,AVOID,False,1.6,17.83,,,344.5,350.35,343.5,349.0,349.0,7863384,20.61,45.67,17.18,63.38,33.59,34.48,43.24,36.89,47.26,38.53,42.7,38.188,False,False,3.5435,7.78,4.0,2.23,7.78,2.0,8298218,8.1,-3.88,6.35,False,0.0,2018-01-01,2026-08-03,-19.91,45.45454545454545,0.0,6.85,1.96,0.0892,59.09090909090909,8.48,16.0,0.1427,16.112,0.001,0,2.72,1.1436,4.4585,0.0,349.0,0.0,349.0,0.041,0.34,63.63636363636363,6.8,8.92,31.12,1.4,514,5,C,56.546,40.9091,3,14,,6.3808,57.14,80.69,10,-81.94,72.72727272727273,1.6726,Strong,9,3.9986,0.0,0.7323,5,1.6726,2.0,33.14,1.1587,-2.04,4.64,-2.07,1.15,63.63636363636363,7.5,Weak,3,2,Weak,2.0,11.363636363636363,0.0,0.0597,-1.75,40.909090909090914,45.6,8.9169,limited history: 8.6y (<10y) - lower confidence,0.6862,4.0,20.46,1.64,63.63636363636363,54.7,2.0,8,4.46,0.3431,15.56,52.39,4,1.64,3.73,50.09,57.9,94.92,94.75,124,,5.3189,ok,4.4585,57.8,297,333.44,15.56,380.12,0.0,23.9,123,13.0,2.0,0,0,0.0,0,False,False,False,173.53,100.0,WATCH,94,18.3,0,31.943,3,40.28,2,0.0,12.4418,0.8969,Weak,0.0152,8,9.3895,4,0.95,72.42,41.2,63.63636363636363,58.9,TMPV,8.6
1.0.0,20260803_120930,2026-08-03,12:09:30,2026-08-03 12:09:30.376692,VEDL,,Metals & Mining,,NSE,PASS_combined,AVOID,False,3.08,20.99,,,267.9,268.8,265.55,265.7,265.7,3594453,49.58,44.27,9.5,38.46,30.32,35.73,40.26,36.41,43.18,47.55,42.17,42.3085,False,False,0.4557,7.39,4.0,2.78,7.39,2.0,11616975,8.2,-4.43,7.22,False,0.0,2018-01-01,2026-08-03,-17.89,54.54545454545454,0.0,3.25,1.22,0.1112,68.18181818181817,16.33,30.8,0.3425,17.079,0.0014,0,0.55,2.1221,5.5589,0.0,265.7,0.0,265.70001220703125,0.075,0.62,68.18181818181817,12.4,11.12,29.55,1.38,556,3,C,35.94,27.2727,2,17,,13.1164,48.865,67.41,11,-79.98,59.09090909090909,0.5288,Weak,3,4.0006,0.0,0.6098,2,0.5288,2.0,46.925,0.4186,-47.78,0.18,-8.31,1.25,72.72727272727273,12.5,Weak,4,2,Average,2.0007,25.0,0.0,0.0453,-16.02,9.090909090909092,10.0,11.1216,limited history: 8.6y (<10y) - lower confidence,0.9267,4.0,47.55,1.63,59.09090909090909,54.3,2.0002,7,5.56,0.4633,14.77,51.86,4,1.63,1.47,40.04,41.72,24.67,54.3,113,,2.5132,ok,5.5589,55.4,308,250.93,14.77,295.25,0.0,29.5,164,12.0,2.0007,0,0,0.0,0,False,False,False,344.91,100.0,WATCH,84,15.1,0,15.599,2,23.98,1,0.0,1.291,0.7194,Weak,0.0095,7,35.871,4,0.31,13.59,43.3,77.27272727272727,61.9,VEDL,8.6
