signal_date,entry_date,exit_date,days_held,outcome,trade_type,signal_close,limit_price,entry_price,target_price,stop_price,exit_price,gross_return_%,net_return_%,hit_target,partial_taken,peak_gain_%,pct_vs_sma200,pct_vs_sma20,rsi14,roc10,atr_pct,vol_ratio,macd_hist,adx14,bb_pctB,dist_52wH,obv_slope10,fill_edge_%,partial_at_%
2026-05-04,2026-05-05,2026-05-14,7,STOP,DOWNTREND,13580.0,13512.1,13512.1,14322.83,12956.7,12956.7,-4.11,-4.31,False,False,0.0,-8.3,2.27,55.7,0.97,2.73,1.29,57.0,18.52,77.55,-21.82,419062.0,0.5,
2026-03-16,2026-03-17,2026-04-08,13,TARGET,DOWNTREND,12757.0,12693.22,12693.22,13454.81,12061.87,13454.81,6.0,4.64,False,False,0.0,-13.26,-11.03,27.59,-14.13,3.3,2.98,-179.87,38.18,4.09,-26.56,-2038887.0,0.5,
2026-01-13,2026-01-14,2026-01-21,5,STOP,UPTREND,16426.0,16343.87,16343.87,18795.45,15763.98,15675.0,-4.09,-4.29,False,False,0.0,16.48,-1.35,46.92,-1.33,1.77,1.01,-58.46,23.71,27.69,-5.43,395911.0,0.5,
2026-01-12,2026-01-13,2026-01-16,3,STOP,UPTREND,16582.0,16499.09,16499.09,18973.95,15941.21,15941.21,-3.38,-3.58,False,False,0.0,17.78,-0.41,50.83,0.24,1.68,0.95,-39.7,25.4,43.26,-4.54,1763959.0,0.5,
2026-01-09,2026-01-12,2026-01-16,4,STOP,UPTREND,16501.0,16418.49,16418.5,18881.27,15870.62,15870.62,-3.34,-3.54,False,False,0.0,17.41,-0.88,48.78,-0.57,1.66,0.92,-25.04,26.7,35.59,-5.0,1223477.0,0.5,
2026-01-08,2026-01-09,2026-01-16,5,STOP,UPTREND,16664.0,16580.68,16580.68,19067.78,16034.81,16000.0,-3.5,-3.7,False,False,0.0,18.78,0.18,52.92,-0.23,1.64,0.77,5.83,28.73,52.78,-4.06,1296854.0,0.5,
2026-01-07,2026-01-08,2026-01-14,4,STOP,UPTREND,16809.0,16724.95,16724.95,19233.7,16178.33,16178.33,-3.27,-3.47,False,False,0.0,20.03,1.25,56.91,1.35,1.63,1.37,35.06,30.38,67.24,-3.23,1793761.0,0.5,
2026-01-06,2026-01-07,2026-01-07,1,STOP,UPTREND,17292.0,17205.54,17205.54,19786.37,16735.02,16735.02,-2.73,-2.93,False,False,0.0,23.72,4.4,74.21,3.86,1.36,0.63,61.07,32.15,106.54,-0.45,2006090.0,0.5,
2025-12-31,2026-01-01,2026-01-14,9,STOP,UPTREND,16697.0,16613.51,16613.52,19105.54,16163.68,16163.68,-2.71,-2.91,False,False,0.0,20.42,1.91,62.18,2.1,1.35,1.03,17.79,25.64,83.25,-0.72,1623590.0,0.5,
2025-12-26,2025-12-29,2026-01-16,14,STOP,UPTREND,16596.0,16513.02,16513.02,18989.97,16069.8,16000.0,-3.11,-3.31,False,False,0.0,20.36,1.81,60.23,2.14,1.34,0.75,31.83,24.27,81.14,-0.74,528472.0,0.5,
2025-12-24,2025-12-26,2026-01-14,13,STOP,UPTREND,16703.0,16619.49,16619.48,19112.41,16170.94,16170.94,-2.7,-2.9,False,False,0.0,21.36,2.68,64.23,4.27,1.34,0.89,38.89,24.05,95.11,-0.1,1010098.0,0.5,
2025-12-22,2025-12-23,2026-01-14,15,STOP,UPTREND,16649.0,16565.76,16565.76,19050.62,16099.96,16099.96,-2.81,-3.01,False,False,0.0,21.41,2.74,63.97,2.85,1.4,0.93,33.75,22.99,101.13,-0.26,397500.0,0.5,
2025-12-12,2025-12-15,2026-01-16,23,STOP,UPTREND,16522.0,16439.39,16439.39,18905.3,15926.98,15926.98,-3.12,-3.32,False,False,0.0,21.62,2.99,63.07,3.91,1.55,1.21,36.53,21.51,114.42,-0.83,519177.0,0.5,
2025-12-03,2025-12-04,2026-01-16,30,TIME,UPTREND,16082.0,16001.59,16001.59,18401.83,15498.75,15859.0,-0.89,-1.09,False,False,0.0,19.49,1.51,54.64,1.99,1.56,0.81,34.32,22.71,77.72,-3.47,270970.0,0.5,
2025-12-02,2025-12-03,2026-01-15,30,TIME,UPTREND,16239.0,16157.81,16157.8,18581.48,15652.9,16152.0,-0.04,-0.24,False,False,0.0,20.8,2.73,60.01,1.94,1.55,1.1,38.62,22.73,96.54,-2.53,248933.0,0.5,
2025-11-26,2025-11-27,2026-01-09,30,TIME,UPTREND,16156.0,16075.22,16075.22,18486.5,15564.67,16501.0,2.65,1.96,False,False,0.0,20.74,2.19,59.43,2.93,1.58,0.83,31.39,22.17,84.9,-3.03,815027.0,0.5,
2025-11-24,2025-11-25,2026-01-07,30,TIME,UPTREND,15958.0,15878.21,15878.21,18259.94,15371.28,16809.0,5.86,4.53,False,False,0.0,19.54,0.73,53.9,2.41,1.59,1.37,14.49,21.99,59.92,-4.21,1140145.0,0.5,
2025-11-19,2025-11-20,2026-01-02,30,TIME,UPTREND,15768.0,15689.16,15689.16,18042.53,15187.02,16960.0,8.1,6.32,False,False,0.0,18.64,-0.89,47.7,2.56,1.59,0.82,-14.77,22.72,39.82,-5.35,1761328.0,0.5,
2025-11-18,2025-11-19,2026-01-01,30,TIME,UPTREND,15930.0,15850.35,15850.35,18227.9,15345.74,16708.0,5.41,4.17,False,False,0.0,20.03,-0.07,53.17,1.78,1.58,1.1,-18.55,23.38,49.18,-4.38,1298914.0,0.5,
2025-10-30,2025-10-31,2025-11-03,1,STOP,UPTREND,16206.0,16124.97,16124.97,18543.72,15638.86,15638.86,-3.01,-3.21,False,False,0.0,24.31,-0.01,56.67,-0.04,1.5,0.74,-71.47,44.91,49.69,-2.73,156332.0,0.5,
2025-10-27,2025-10-28,2025-11-03,4,STOP,UPTREND,16388.0,16306.06,16306.06,18751.97,15833.54,15833.54,-2.9,-3.1,False,False,0.0,26.37,1.22,65.55,0.76,1.44,0.61,-49.45,49.59,76.45,-1.63,305404.0,0.5,
2025-10-23,2025-10-24,2025-11-03,6,STOP,UPTREND,16393.0,16311.03,16311.04,18757.69,15819.86,15819.86,-3.01,-3.21,False,False,0.0,26.86,1.3,68.38,2.38,1.5,1.26,-41.23,51.77,78.91,-1.6,426627.0,0.5,
2025-10-20,2025-10-21,2025-11-03,8,STOP,UPTREND,16424.0,16341.88,16341.88,18793.16,15847.72,15847.72,-3.02,-3.22,False,False,0.0,27.59,1.76,69.87,2.66,1.5,0.9,-40.67,52.62,88.77,-0.76,961178.0,0.5,
2025-10-08,2025-10-09,2025-11-04,17,STOP,UPTREND,16012.0,15931.94,15931.94,18321.73,15383.76,15383.76,-3.44,-3.64,False,False,0.0,26.56,1.19,64.67,-0.53,1.71,0.63,-84.63,60.63,62.82,-2.57,803560.0,0.5,
2025-10-07,2025-10-08,2025-11-04,18,STOP,UPTREND,16108.0,16027.46,16027.46,18431.58,15476.65,15476.65,-3.44,-3.64,False,False,0.0,27.58,2.01,68.19,1.85,1.71,0.66,-80.61,61.79,70.93,-1.99,1983192.0,0.5,
2025-10-03,2025-10-06,2025-11-19,30,TIME,UPTREND,15806.0,15726.97,15726.97,18086.02,15172.01,15768.0,0.26,0.05,False,False,0.0,25.69,0.72,62.5,-0.07,1.76,0.89,-80.49,65.16,56.58,-3.83,1734578.0,0.5,
2025-10-01,2025-10-03,2025-11-06,22,STOP,UPTREND,15965.0,15885.17,15885.18,18267.95,15331.99,15331.99,-3.48,-3.68,False,False,0.0,27.19,2.1,68.32,1.04,1.73,0.78,-55.61,67.3,66.96,-2.86,2846969.0,0.5,
2025-09-30,2025-10-01,2025-11-04,22,STOP,UPTREND,16029.0,15948.85,15948.86,18341.18,15392.96,15392.96,-3.49,-3.69,False,False,0.0,27.95,2.85,70.78,2.93,1.73,0.71,-35.75,68.82,72.11,-2.47,3898030.0,0.5,
2025-09-26,2025-09-29,2025-11-03,23,STOP,UPTREND,16286.0,16204.57,16204.57,18635.26,15641.9,15641.9,-3.47,-3.67,False,False,0.0,30.51,5.27,82.46,6.27,1.73,0.9,12.54,70.95,88.91,-0.91,4346707.0,0.5,
2025-09-24,2025-09-25,2025-11-03,25,STOP,UPTREND,16249.0,16167.75,16167.76,18592.92,15600.41,15600.41,-3.51,-3.71,False,False,0.0,30.74,6.07,82.12,7.55,1.75,1.18,17.64,69.13,98.06,-0.77,3128428.0,0.5,
2025-09-19,2025-09-22,2025-11-06,30,TIME,UPTREND,15864.0,15784.68,15784.68,18152.38,15250.08,15452.0,-2.11,-2.31,False,False,0.0,28.42,5.15,79.68,6.51,1.68,1.17,11.46,66.32,93.97,-1.22,2701776.0,0.5,
2025-09-17,2025-09-18,2025-11-03,30,TIME,UPTREND,15801.0,15722.0,15722.0,18080.29,15179.54,15651.0,-0.45,-0.65,False,False,0.0,28.41,5.85,79.05,5.86,1.72,1.16,6.57,64.08,101.08,-0.11,1096595.0,0.5,
2025-09-09,2025-09-10,2025-10-24,30,TIME,UPTREND,15365.0,15288.17,15288.18,17581.4,14713.07,16274.0,6.45,5.0,False,False,0.0,26.25,7.48,82.16,6.32,1.87,0.98,41.0,58.96,81.92,-0.12,3992959.0,0.5,
2025-09-03,2025-09-04,2025-10-17,30,TIME,UPTREND,14927.0,14852.36,14852.36,17080.22,14340.38,16401.0,10.43,8.18,False,False,0.0,23.49,8.16,86.83,4.75,1.71,1.06,90.01,50.71,79.1,-0.43,3944665.0,0.5,
2025-09-02,2025-09-03,2025-10-16,30,TIME,UPTREND,14842.0,14767.79,14767.79,16982.96,14253.5,16298.0,10.36,8.13,False,False,0.0,22.98,8.55,86.14,5.5,1.73,0.74,110.92,48.64,79.83,-0.64,4289632.0,0.5,
2025-09-01,2025-09-02,2025-10-15,30,TIME,UPTREND,14887.0,14812.57,14812.56,17034.45,14281.95,16212.0,9.45,7.4,False,False,0.0,23.54,9.9,88.41,15.08,1.78,1.12,136.15,46.48,84.04,-0.34,6823580.0,0.5,
2025-08-29,2025-09-01,2025-10-14,30,TIME,UPTREND,14791.0,14717.05,14717.04,16924.6,14189.3,16261.0,10.49,8.23,False,False,0.0,22.93,10.17,87.77,15.25,1.78,1.19,153.34,44.15,85.59,-0.7,6569233.0,0.5,
2025-08-26,2025-08-28,2025-10-10,30,TIME,UPTREND,14714.0,14640.43,14640.43,16836.49,14096.09,16265.0,11.1,8.72,False,False,0.0,22.65,11.56,87.27,16.81,1.85,2.0,183.07,39.12,93.16,-0.75,5533449.0,0.5,
2025-08-18,2025-08-19,2025-09-23,24,TARGET,UPTREND,14068.0,13997.66,13997.66,16097.31,13428.43,16120.0,15.16,11.97,False,False,0.0,18.27,11.85,83.45,14.36,2.02,5.76,128.52,21.58,142.35,-0.4,3176992.0,0.5,
2024-10-30,2024-10-31,2024-12-16,30,TIME,DOWNTREND,11135.92,11080.24,11080.24,11745.06,10563.94,11156.25,0.69,0.39,False,False,0.0,-6.17,-7.55,29.82,-9.1,3.09,2.41,-135.89,28.52,7.43,-16.94,-3886420.0,0.5,
2024-08-01,2024-08-02,2024-08-05,1,STOP,UPTREND,13092.35,13026.88,12985.45,14933.27,12396.27,12356.26,-4.85,-5.05,False,False,0.0,16.39,5.78,72.05,5.65,2.25,2.9,75.8,28.51,107.77,-2.35,4005631.0,0.82,
2024-06-14,2024-06-18,2024-06-20,2,STOP,UPTREND,12588.75,12525.81,12525.81,14404.68,11950.63,11950.63,-4.59,-4.79,False,False,0.0,15.56,1.2,55.43,3.6,2.28,0.45,20.44,19.76,67.9,-1.75,336015.0,0.5,
2024-05-28,2024-05-29,2024-06-04,4,STOP,UPTREND,12562.69,12499.87,12499.87,14374.85,11935.78,11935.78,-4.51,-4.71,False,False,0.0,17.51,1.18,55.15,1.14,2.25,0.64,9.08,16.32,70.33,-1.95,425685.0,0.5,
2024-05-27,2024-05-28,2024-06-04,5,STOP,UPTREND,12648.44,12585.2,12585.2,14472.98,12005.71,12005.71,-4.6,-4.8,False,False,0.0,18.48,1.91,57.84,1.82,2.29,0.86,12.3,16.91,83.63,-1.28,478070.0,0.5,
2024-05-24,2024-05-27,2024-05-31,4,STOP,UPTREND,12740.91,12677.2,12677.2,14578.78,12095.58,12095.58,-4.59,-4.79,False,False,0.0,19.53,2.65,60.8,3.96,2.28,1.14,6.38,17.54,96.3,-0.56,1271693.0,0.5,
2024-05-23,2024-05-24,2024-06-04,7,STOP,UPTREND,12676.67,12613.28,12608.16,14499.38,12015.43,12015.43,-4.7,-4.9,False,False,0.0,19.11,2.16,59.46,3.12,2.34,1.44,-14.24,18.04,88.75,-1.06,142302.0,0.54,
2024-04-24,2024-04-25,2024-05-07,7,STOP,UPTREND,12685.63,12622.2,12622.2,14515.53,12047.23,12047.23,-4.56,-4.76,False,False,0.0,22.39,2.85,64.69,0.61,2.27,0.54,-4.05,37.58,90.47,-0.99,686848.0,0.5,
2024-04-23,2024-04-24,2024-05-07,8,STOP,UPTREND,12736.79,12673.11,12673.11,14574.07,12080.13,12080.13,-4.68,-4.88,False,False,0.0,23.09,3.69,66.29,4.63,2.33,0.7,-11.05,37.78,95.86,-0.22,1553634.0,0.5,
2024-04-18,2024-04-19,2024-06-04,30,STOP,UPTREND,12157.34,12096.56,12096.56,13911.04,11515.66,11515.66,-4.8,-5.0,False,False,0.0,18.08,0.3,55.72,-1.17,2.39,1.16,-54.8,40.29,52.64,-4.47,166237.0,0.5,
2024-04-16,2024-04-18,2024-06-03,30,TIME,UPTREND,12253.09,12191.83,12191.83,14020.6,11608.76,12227.07,0.29,0.07,False,False,0.0,19.18,1.47,58.35,-0.53,2.38,0.97,-43.72,42.26,61.17,-3.72,511846.0,0.5,
2024-04-10,2024-04-12,2024-04-15,1,STOP,UPTREND,12429.55,12367.4,12367.4,14222.51,11833.65,11833.65,-4.32,-4.52,False,False,0.0,21.42,4.15,65.39,3.53,2.15,0.86,20.37,49.16,74.57,-2.33,1499406.0,0.5,
2024-04-09,2024-04-10,2024-04-12,1,STOP,UPTREND,12630.7,12567.55,12567.55,14452.68,12046.58,12046.58,-4.15,-4.35,False,False,0.0,23.57,6.4,72.65,4.46,2.06,0.58,35.7,48.94,86.69,-0.75,1456077.0,0.5,
2024-04-08,2024-04-09,2024-04-12,2,STOP,UPTREND,12608.26,12545.22,12545.22,14427.0,12015.19,12015.19,-4.22,-4.42,False,False,0.0,23.55,6.82,72.33,8.04,2.1,1.06,31.76,47.29,90.14,-0.48,2203874.0,0.5,
2024-04-04,2024-04-05,2024-05-23,30,TIME,UPTREND,12316.35,12254.77,12242.61,14079.0,11737.62,12676.67,3.55,2.68,False,False,0.0,21.07,5.24,70.72,8.37,2.05,0.9,39.79,44.44,82.86,-1.25,2351778.0,0.6,
2024-04-03,2024-04-04,2024-05-22,30,TIME,UPTREND,12179.74,12118.84,12118.84,13936.66,11624.91,12281.17,1.34,0.91,False,False,0.0,19.9,4.5,68.24,6.8,2.03,0.5,48.46,43.2,79.2,-2.35,1451353.0,0.5,
2024-04-02,2024-04-03,2024-05-21,30,TIME,UPTREND,12301.85,12240.34,12201.44,14031.66,11690.61,12224.28,0.19,-0.01,False,False,0.0,21.27,5.91,73.39,9.37,2.08,0.61,67.65,42.15,89.42,-1.37,2034337.0,0.82,
2024-04-01,2024-04-02,2024-05-17,30,TIME,UPTREND,12318.66,12257.06,12257.06,14095.62,11734.94,12389.12,1.08,0.7,False,False,0.0,21.61,6.62,74.11,10.22,2.12,0.54,75.87,40.59,95.51,-1.24,3340178.0,0.5,
2024-03-28,2024-04-01,2024-05-16,30,TIME,UPTREND,12348.79,12287.05,12287.05,14130.11,11752.33,12248.14,-0.32,-0.52,False,False,0.0,22.09,7.53,75.33,10.62,2.17,1.47,76.87,38.54,103.83,-0.99,4177912.0,0.5,
2024-03-27,2024-03-28,2024-05-15,30,TIME,UPTREND,12260.59,12199.29,12199.29,14029.18,11674.9,12512.41,2.57,1.89,False,False,0.0,21.39,7.26,74.17,8.69,2.14,1.58,65.17,36.33,109.62,-1.67,2932384.0,0.5,
2024-03-22,2024-03-26,2024-05-13,30,TIME,UPTREND,12091.39,12030.93,12030.93,13835.57,11529.06,12420.83,3.24,2.43,False,False,0.0,20.05,6.59,73.76,7.19,2.08,2.03,35.56,32.1,124.76,-0.72,2319438.0,0.5,
2024-03-20,2024-03-21,2024-05-09,30,TIME,UPTREND,11702.75,11644.24,11644.24,13390.88,11175.75,12255.0,5.25,4.04,False,False,0.0,16.52,3.66,67.91,2.32,2.0,2.1,-8.6,29.07,115.11,-0.7,906619.0,0.5,
2024-03-05,2024-03-06,2024-04-24,30,TIME,UPTREND,11437.6,11380.42,11380.42,13087.48,10932.79,12685.63,11.47,9.02,False,False,0.0,15.23,3.6,66.17,1.96,1.96,0.69,-2.25,34.93,80.15,-0.51,1513018.0,0.5,
2024-03-01,2024-03-04,2024-04-22,30,TIME,UPTREND,11388.95,11332.0,11332.0,13031.8,10860.24,12530.25,10.57,8.3,False,False,0.0,15.03,4.08,65.64,2.11,2.07,1.0,-6.89,34.29,81.06,-0.85,1788591.0,0.5,
2024-02-22,2024-02-23,2024-02-28,3,STOP,UPTREND,11425.06,11367.93,11367.93,13073.12,10918.27,10918.27,-3.96,-4.16,False,False,0.0,16.21,7.92,76.2,8.51,1.97,0.96,86.25,32.16,90.3,-0.32,2239451.0,0.5,
2023-10-20,2023-10-23,2023-10-30,4,STOP,UPTREND,10511.52,10458.96,10458.96,12027.81,10134.26,10134.26,-3.1,-3.3,False,False,0.0,16.26,1.85,61.83,4.11,1.54,0.52,15.8,24.23,74.0,-0.79,1426137.0,0.5,
2023-10-19,2023-10-20,2023-10-30,5,STOP,UPTREND,10556.65,10503.87,10503.87,12079.45,10169.76,10169.76,-3.18,-3.38,False,False,0.0,16.91,2.51,64.34,5.5,1.58,0.61,20.49,24.53,82.12,-0.36,1994349.0,0.5,
2023-10-18,2023-10-19,2023-10-30,6,STOP,UPTREND,10573.07,10520.2,10486.38,12059.34,10141.45,10141.45,-3.29,-3.49,False,False,0.0,17.25,2.87,65.23,6.5,1.63,0.56,19.91,24.82,88.02,-0.21,2657829.0,0.83,
2023-10-16,2023-10-17,2023-10-30,8,STOP,UPTREND,10490.79,10438.34,10438.34,12004.09,10089.41,10089.41,-3.34,-3.54,False,False,0.0,16.66,2.31,62.93,0.88,1.66,0.62,5.4,25.32,84.74,-0.98,884877.0,0.5,
2023-10-13,2023-10-16,2023-10-30,9,STOP,UPTREND,10513.38,10460.81,10460.81,12029.94,10107.03,10107.03,-3.38,-3.58,False,False,0.0,17.08,2.64,63.97,1.54,1.68,1.25,-5.63,24.83,91.84,-0.16,1670798.0,0.5,
2023-09-29,2023-10-03,2023-10-04,1,STOP,UPTREND,10398.77,10346.77,10346.77,11898.79,10016.09,10016.09,-3.2,-3.4,False,False,0.0,16.9,1.56,64.5,1.17,1.59,0.81,-8.9,38.4,79.35,-1.02,624489.0,0.5,
2023-09-28,2023-09-29,2023-10-04,2,STOP,UPTREND,10354.42,10302.65,10302.65,11848.04,9975.92,9975.92,-3.17,-3.37,False,False,0.0,16.54,1.42,63.14,0.88,1.58,0.92,-6.33,38.14,72.38,-1.44,643960.0,0.5,
2023-09-27,2023-09-28,2023-10-04,3,STOP,UPTREND,10467.52,10415.18,10415.18,11977.46,10089.4,10078.59,-3.23,-3.43,False,False,0.0,17.94,2.9,69.46,1.69,1.56,0.71,-0.24,37.63,85.6,-0.37,940397.0,0.5,
2023-09-25,2023-09-26,2023-10-04,5,STOP,UPTREND,10376.81,10324.93,10324.93,11873.67,9992.68,9992.68,-3.22,-3.42,False,False,0.0,17.18,3.01,67.85,2.48,1.6,1.2,-3.2,36.76,75.81,-1.23,963818.0,0.5,
2023-09-18,2023-09-20,2023-10-04,9,STOP,UPTREND,10312.03,10260.47,10260.47,11799.55,9949.35,9949.35,-3.03,-3.23,False,False,0.0,16.87,4.19,72.95,1.54,1.51,0.75,31.96,37.95,76.28,-0.96,57830.0,0.5,
2023-09-12,2023-09-13,2023-10-04,13,STOP,UPTREND,10293.9,10242.43,10242.43,11778.8,9899.78,9899.78,-3.35,-3.55,False,False,0.0,17.08,6.28,73.68,9.17,1.66,1.01,70.4,31.69,87.07,-0.61,3882120.0,0.5,
2023-09-11,2023-09-12,2023-10-04,14,STOP,UPTREND,10323.55,10271.93,10271.93,11812.72,9927.56,9927.56,-3.35,-3.55,False,False,0.0,17.53,7.22,75.42,9.75,1.67,1.09,75.11,30.0,93.32,-0.15,4768117.0,0.5,
2023-09-04,2023-09-05,2023-10-19,30,TIME,UPTREND,10155.57,10104.79,10104.79,11620.51,9745.61,10556.65,4.47,3.42,False,False,0.0,16.09,7.84,78.04,9.79,1.77,1.55,97.14,22.26,113.48,-1.01,5032108.0,0.5,
2023-04-11,2023-04-12,2023-05-09,17,TARGET,DOWNTREND,8407.55,8365.51,8365.51,8867.44,8148.01,8867.44,6.0,4.64,False,False,0.0,-0.48,3.16,60.28,3.67,1.72,1.02,45.96,16.52,96.99,-11.36,854674.0,0.5,
2022-10-31,2022-11-01,2022-11-14,8,STOP,UPTREND,9250.34,9204.09,9204.09,10584.7,8773.91,8773.91,-4.67,-4.87,False,False,0.0,15.62,7.94,71.35,10.56,2.33,3.17,90.68,17.79,116.97,-2.47,5016405.0,0.5,
2022-09-23,2022-09-26,2022-09-26,1,STOP,UPTREND,9071.55,9026.19,9000.53,10350.6,8602.69,8602.69,-4.42,-4.62,False,False,0.0,15.76,3.39,65.17,4.44,2.19,0.92,33.83,23.4,87.31,-1.14,1027018.0,0.79,
2022-09-22,2022-09-23,2022-09-26,1,STOP,UPTREND,9128.25,9082.61,9082.61,10445.0,8680.1,8680.1,-4.43,-4.63,False,False,0.0,16.66,4.39,68.67,6.95,2.2,0.82,37.05,22.43,98.78,-0.35,2233527.0,0.5,
2022-09-20,2022-09-21,2022-09-26,3,STOP,UPTREND,9030.19,8985.04,8985.04,10332.79,8586.15,8586.15,-4.44,-4.64,False,False,0.0,15.7,3.98,67.18,4.64,2.21,1.2,34.84,20.62,97.57,-1.37,2095279.0,0.5,
2022-09-15,2022-09-16,2022-09-27,7,STOP,UPTREND,8941.74,8897.03,8897.03,10231.58,8518.19,8518.19,-4.26,-4.46,False,False,0.0,15.03,3.78,64.91,2.05,2.12,2.43,13.16,17.4,108.31,-1.24,1033024.0,0.5,
2022-08-02,2022-08-03,2022-08-12,6,STOP,UPTREND,8847.85,8803.61,8803.61,10124.15,8425.22,8425.22,-4.3,-4.5,False,False,0.0,16.6,5.62,71.72,5.25,2.14,1.33,17.09,30.43,115.71,-0.26,4884802.0,0.5,
2022-02-21,2022-02-22,2022-03-02,5,STOP,UPTREND,8307.37,8265.83,8193.84,9422.92,7680.76,7680.76,-6.26,-6.46,False,False,0.0,16.34,0.29,56.07,1.19,3.09,0.69,-39.7,22.73,53.51,-4.83,888779.0,1.39,
2022-02-16,2022-02-17,2022-03-02,8,STOP,UPTREND,8278.67,8237.28,8237.28,9472.87,7684.65,7684.65,-6.71,-6.91,False,False,0.0,16.42,0.82,55.38,0.8,3.34,0.44,-34.17,25.3,56.73,-5.16,142269.0,0.5,
2022-02-11,2022-02-14,2022-03-02,11,STOP,UPTREND,8427.41,8385.27,8198.66,9428.46,7651.89,7651.89,-6.67,-6.87,False,False,0.0,19.0,3.43,61.91,2.18,3.24,0.71,4.49,29.38,73.76,-3.46,39044.0,2.79,
2022-02-09,2022-02-10,2022-02-24,10,STOP,UPTREND,8632.18,8589.02,8589.02,9877.37,8024.13,8024.13,-6.58,-6.78,False,False,0.0,22.26,6.76,69.85,4.03,3.27,1.52,12.49,28.33,97.62,-0.45,3376974.0,0.5,
2022-02-07,2022-02-08,2022-03-02,15,STOP,UPTREND,8209.9,8168.85,8168.85,9394.18,7628.48,7628.48,-6.61,-6.81,False,False,0.0,16.62,2.32,60.52,3.93,3.29,0.51,-1.42,27.28,68.05,-5.13,1984561.0,0.5,
2022-02-04,2022-02-07,2022-03-02,16,STOP,UPTREND,8247.42,8206.18,8206.18,9437.11,7656.15,7656.15,-6.7,-6.9,False,False,0.0,17.31,3.16,62.02,6.4,3.33,0.46,9.72,27.72,73.55,-4.69,3472136.0,0.5,
2022-02-03,2022-02-04,2022-03-02,17,STOP,UPTREND,8288.99,8247.55,8247.55,9484.68,7683.09,7683.09,-6.84,-7.04,False,False,0.0,18.07,4.1,63.63,7.21,3.4,0.9,19.55,27.57,79.68,-4.21,4399407.0,0.5,
2022-02-01,2022-02-02,2022-03-02,19,STOP,UPTREND,8255.96,8214.68,8214.68,9446.88,7641.25,7641.25,-6.98,-7.18,False,False,0.0,17.92,4.77,63.48,3.56,3.47,0.92,38.79,27.2,81.3,-4.6,4066254.0,0.5,
2022-01-31,2022-02-01,2022-03-02,20,STOP,UPTREND,8292.51,8251.05,8251.05,9488.71,7698.77,7698.77,-6.69,-6.89,False,False,0.0,18.58,5.9,64.75,6.35,3.33,0.64,48.38,27.22,86.46,-4.17,5748192.0,0.5,
2022-01-27,2022-01-28,2022-02-24,19,STOP,UPTREND,8507.51,8464.97,8464.97,9734.72,7911.97,7911.97,-6.53,-6.73,False,False,0.0,21.99,10.3,73.11,7.95,3.25,3.53,57.54,24.44,106.64,-1.69,5846466.0,0.5,
2022-01-25,2022-01-27,2022-03-02,23,STOP,UPTREND,8297.62,8256.14,8256.14,9494.56,7745.42,7745.42,-6.19,-6.39,False,False,0.0,19.14,8.58,69.86,5.63,3.08,3.13,31.01,22.89,100.6,-0.71,3235081.0,0.5,
2022-01-17,2022-01-18,2022-03-02,29,STOP,UPTREND,7972.48,7932.61,7932.61,9122.51,7562.47,7562.47,-4.67,-4.87,False,False,0.0,15.12,7.57,72.97,9.86,2.32,1.86,63.62,24.07,90.16,-1.24,4750203.0,0.5,
2021-11-17,2021-11-18,2021-11-24,3,STOP,UPTREND,7981.4,7941.49,7941.49,9132.71,7518.48,7518.48,-5.33,-5.53,False,False,0.0,16.3,9.05,73.0,6.2,2.65,3.05,40.01,25.76,119.36,-0.9,2946841.0,0.5,
2021-09-17,2021-09-20,2021-09-21,1,STOP,DOWNTREND,6765.78,6731.95,6731.95,7135.87,6558.59,6558.59,-2.58,-2.78,False,False,0.0,-2.03,2.82,58.62,3.26,1.71,1.21,33.23,20.63,100.43,-15.25,3883607.0,0.5,
2021-08-31,2021-09-01,2021-09-27,17,TARGET,DOWNTREND,6603.4,6570.38,6558.88,6952.41,6362.45,6952.41,6.0,4.64,False,False,0.0,-4.41,-0.84,45.05,0.28,1.98,1.48,-3.29,33.56,40.73,-17.28,1056598.0,0.68,
2021-01-21,2021-01-22,2021-01-28,3,STOP,UPTREND,7741.06,7702.36,7702.36,8857.71,7301.11,7301.11,-5.21,-5.41,False,False,0.0,24.44,3.14,60.32,6.75,2.59,0.81,2.87,30.83,72.7,-3.03,2553417.0,0.5,
2021-01-20,2021-01-21,2021-01-28,4,STOP,UPTREND,7806.43,7767.4,7767.4,8932.5,7371.49,7371.49,-5.1,-5.3,False,False,0.0,25.84,4.43,63.32,6.77,2.54,1.05,5.15,30.73,81.17,-2.21,2679943.0,0.5,
2021-01-19,2021-01-20,2021-01-29,6,STOP,UPTREND,7593.32,7555.35,7554.41,8687.57,7173.72,7173.72,-5.04,-5.24,False,False,0.0,22.8,2.07,56.8,3.49,2.51,0.81,-0.45,31.03,64.42,-4.88,840039.0,0.52,
2021-01-15,2021-01-18,2021-01-28,7,STOP,UPTREND,7691.22,7652.77,7652.77,8800.68,7277.86,7277.86,-4.9,-5.1,False,False,0.0,25.09,3.94,62.63,4.34,2.44,0.76,33.28,33.47,76.16,-3.65,867307.0,0.5,
2021-01-14,2021-01-15,2021-01-28,8,STOP,UPTREND,7810.74,7771.69,7771.69,8937.44,7400.3,7400.3,-4.78,-4.98,False,False,0.0,27.4,5.78,69.6,6.53,2.38,0.73,46.24,32.79,89.54,-2.16,2386058.0,0.5,
2021-01-13,2021-01-14,2021-01-28,9,STOP,UPTREND,7801.54,7762.53,7762.53,8926.91,7385.66,7385.66,-4.85,-5.05,False,False,0.0,27.61,5.89,69.35,6.92,2.42,0.88,48.9,32.2,93.17,-2.27,2576299.0,0.5,
2021-01-12,2021-01-13,2021-01-18,3,STOP,UPTREND,7847.74,7808.5,7808.5,8979.77,7423.13,7423.13,-4.94,-5.14,False,False,0.0,28.69,6.78,72.04,9.87,2.46,1.52,48.21,30.74,103.98,-1.69,4483324.0,0.5,
2021-01-11,2021-01-12,2021-01-18,4,STOP,UPTREND,7890.58,7851.13,7821.81,8995.08,7434.67,7434.67,-4.95,-5.15,False,False,0.0,29.73,7.71,74.53,10.02,2.45,2.24,36.75,28.89,120.89,-0.67,5458677.0,0.88,
2021-01-08,2021-01-11,2021-01-28,12,STOP,UPTREND,7681.78,7643.37,7643.37,8789.88,7286.26,7286.26,-4.67,-4.87,False,False,0.0,26.67,5.2,69.81,7.64,2.32,2.84,9.59,27.01,113.08,-0.56,3797978.0,0.5,
2021-01-06,2021-01-07,2021-01-29,15,STOP,UPTREND,7311.54,7274.98,7274.98,8366.23,6961.71,6961.71,-4.31,-4.51,False,False,0.0,21.18,0.22,57.29,3.15,2.14,1.0,-9.44,26.1,53.21,-4.8,2246313.0,0.5,
2021-01-05,2021-01-06,2021-01-29,16,STOP,UPTREND,7337.27,7300.59,7300.59,8395.67,6991.75,6991.75,-4.23,-4.43,False,False,0.0,21.88,0.49,59.09,3.79,2.1,0.63,-7.86,26.47,56.81,-4.46,4225231.0,0.5,
2021-01-04,2021-01-05,2021-01-29,17,STOP,UPTREND,7382.17,7345.26,7341.63,8442.88,7026.19,7026.19,-4.3,-4.5,False,False,0.0,22.85,1.04,62.27,1.89,2.14,0.65,-8.65,27.38,64.33,-3.88,3817593.0,0.55,
2021-01-01,2021-01-04,2021-01-29,18,STOP,UPTREND,7371.63,7334.77,7334.77,8434.99,7011.67,7011.67,-4.41,-4.61,False,False,0.0,22.89,0.83,61.82,-0.04,2.19,0.76,-15.16,27.83,61.05,-4.02,2140620.0,0.5,
2020-12-28,2020-12-29,2021-02-10,30,TIME,UPTREND,7171.99,7136.13,7136.13,8206.55,6790.99,7304.92,2.37,1.73,False,False,0.0,20.28,-1.04,53.05,-3.24,2.41,0.42,-47.62,31.99,41.77,-6.62,56648.0,0.5,
2020-12-17,2020-12-18,2020-12-21,1,STOP,UPTREND,7374.22,7337.35,7337.35,8437.95,6991.03,6991.03,-4.72,-4.92,False,False,0.0,24.37,3.52,64.2,-0.58,2.35,0.55,15.75,44.02,68.25,-3.98,2981827.0,0.5,
2020-12-16,2020-12-17,2020-12-21,2,STOP,UPTREND,7472.32,7434.95,7434.95,8550.2,7092.51,7092.51,-4.61,-4.81,False,False,0.0,26.18,5.35,70.94,8.18,2.29,0.7,29.23,44.12,77.31,-2.71,7562694.0,0.5,
2020-12-14,2020-12-15,2020-12-21,4,STOP,UPTREND,7376.9,7340.02,7340.02,8441.02,6986.14,6986.14,-4.82,-5.02,False,False,0.0,24.88,5.23,68.06,9.39,2.4,0.77,43.6,41.35,76.21,-3.95,7890818.0,0.5,
2020-12-11,2020-12-14,2020-12-21,5,STOP,UPTREND,7412.13,7375.06,7375.06,8481.32,7019.03,7019.03,-4.83,-5.03,False,False,0.0,25.62,6.38,70.4,10.57,2.4,0.53,56.84,39.8,81.35,-3.49,11052755.0,0.5,
2020-12-08,2020-12-09,2020-12-21,8,STOP,UPTREND,7440.06,7402.86,7402.86,8513.29,7012.81,7012.81,-5.27,-5.47,False,False,0.0,26.43,8.8,72.89,11.09,2.62,1.31,85.26,32.53,96.14,-3.13,11289634.0,0.5,
2020-12-07,2020-12-08,2020-12-21,9,STOP,UPTREND,7421.57,7384.46,7384.46,8492.13,7010.58,7010.58,-5.06,-5.26,False,False,0.0,26.23,9.21,72.49,11.16,2.52,0.73,85.52,29.66,102.55,-1.77,10140104.0,0.5,
2020-12-04,2020-12-07,2020-12-21,10,STOP,UPTREND,7478.83,7441.44,7441.44,8557.65,7060.18,7060.18,-5.12,-5.32,False,False,0.0,27.29,10.7,75.66,12.06,2.55,1.67,79.49,26.94,119.35,-1.01,12100874.0,0.5,
2020-12-03,2020-12-04,2020-12-21,11,STOP,UPTREND,7417.45,7380.36,7380.36,8487.41,7005.37,7005.37,-5.08,-5.28,False,False,0.0,26.35,10.35,74.55,9.71,2.53,2.84,56.54,24.0,137.74,-0.56,8401643.0,0.5,
2020-11-25,2020-11-26,2021-01-11,30,TARGET,UPTREND,6762.45,6728.64,6728.64,7737.93,6407.54,7762.39,15.36,12.13,False,False,0.0,15.33,1.52,54.76,2.89,2.37,0.81,17.66,18.24,75.16,-5.95,1699350.0,0.5,
2020-11-24,2020-11-25,2021-01-08,30,TIME,UPTREND,6860.88,6826.58,6826.58,7850.56,6515.48,7681.78,12.53,9.86,False,False,0.0,17.01,2.9,60.44,5.37,2.27,1.58,17.89,16.35,93.76,-4.59,4129010.0,0.5,
2020-11-05,2020-11-06,2020-12-21,30,TIME,UPTREND,6798.01,6764.02,6764.02,7778.62,6425.15,7069.53,4.52,3.45,False,False,0.0,15.79,1.47,56.33,4.13,2.49,0.83,-3.73,15.49,71.54,-5.46,2123307.0,0.5,
2020-10-29,2020-10-30,2020-12-14,30,TIME,UPTREND,6821.87,6787.76,6784.83,7802.55,6436.65,7376.9,8.73,6.82,False,False,0.0,16.0,1.94,58.15,3.27,2.55,1.44,22.23,18.03,75.99,-7.44,1648828.0,0.55,
2020-10-28,2020-10-29,2020-11-11,9,STOP,UPTREND,6887.38,6852.94,6818.33,7841.07,6474.66,6474.66,-5.04,-5.24,False,False,0.0,17.1,3.19,62.1,2.62,2.49,1.7,23.8,17.95,90.74,-6.55,2402364.0,1.01,
2020-10-23,2020-10-26,2020-12-08,30,TIME,UPTREND,6808.02,6773.98,6773.98,7790.08,6440.97,7440.06,9.83,7.71,False,False,0.0,15.77,3.08,59.82,0.58,2.45,1.93,0.77,15.49,83.2,-7.62,55387.0,0.5,
2020-10-12,2020-10-13,2020-11-24,30,TIME,UPTREND,6840.03,6805.83,6805.83,7826.71,6466.42,6860.88,0.81,0.49,False,False,0.0,16.05,4.43,62.11,9.83,2.48,0.71,41.62,21.88,79.36,-7.19,7870668.0,0.5,
2020-10-08,2020-10-09,2020-11-20,30,TIME,UPTREND,6785.6,6751.67,6751.67,7764.42,6405.14,6676.33,-1.12,-1.32,False,False,0.0,15.1,3.43,60.46,8.9,2.55,0.73,30.09,22.79,71.58,-7.93,7989432.0,0.5,
2020-09-14,2020-09-15,2020-09-21,4,STOP,UPTREND,6832.56,6798.4,6798.4,7818.16,6459.76,6459.76,-4.98,-5.18,False,False,0.0,15.47,0.86,61.6,4.22,2.48,0.85,-20.53,37.43,62.27,-7.29,4839431.0,0.5,
2020-09-11,2020-09-14,2020-09-21,5,STOP,UPTREND,6894.62,6860.14,6860.14,7889.17,6518.26,6518.26,-4.98,-5.18,False,False,0.0,16.52,2.03,65.94,1.26,2.48,1.18,-12.95,38.1,75.71,-6.45,4262148.0,0.5,
2020-09-10,2020-09-11,2020-09-21,6,STOP,UPTREND,6931.09,6896.43,6896.43,7930.9,6554.03,6554.03,-4.96,-5.16,False,False,0.0,17.14,3.01,68.57,1.88,2.47,0.85,-9.03,37.71,81.28,-5.95,6665151.0,0.5,
2020-09-09,2020-09-10,2020-09-21,7,STOP,UPTREND,6915.37,6880.79,6880.79,7912.91,6531.43,6531.43,-5.08,-5.28,False,False,0.0,16.9,3.15,68.06,2.95,2.53,1.1,-8.72,37.57,81.8,-6.17,6845341.0,0.5,
2020-09-08,2020-09-09,2020-09-21,8,STOP,UPTREND,6923.75,6889.14,6889.14,7922.51,6532.83,6532.83,-5.17,-5.37,False,False,0.0,17.06,3.68,68.61,1.6,2.57,1.0,-8.91,37.65,85.71,-6.05,7126249.0,0.5,
2020-09-07,2020-09-08,2020-09-21,9,STOP,UPTREND,6909.52,6874.97,6874.97,7906.22,6511.95,6511.95,-5.28,-5.48,False,False,0.0,16.84,3.94,68.2,1.79,2.63,1.19,-12.37,37.54,86.4,-6.25,7028807.0,0.5,
2020-09-04,2020-09-07,2020-09-21,10,STOP,UPTREND,6891.26,6856.81,6856.81,7885.33,6491.04,6491.04,-5.33,-5.53,False,False,0.0,16.55,4.16,67.7,3.11,2.65,1.9,-18.5,37.43,86.83,-6.49,6641065.0,0.5,
2020-08-28,2020-08-31,2020-09-21,15,STOP,UPTREND,6808.84,6774.79,6774.79,7791.01,6463.01,6463.01,-4.6,-4.8,False,False,0.0,15.1,5.14,71.28,7.83,2.29,0.83,8.09,44.65,79.94,-7.61,4942797.0,0.5,
2020-08-27,2020-08-28,2020-09-21,16,STOP,UPTREND,6802.99,6768.98,6768.98,7784.32,6452.01,6452.01,-4.68,-4.88,False,False,0.0,15.0,5.76,71.13,5.44,2.33,0.92,13.55,44.53,81.91,-7.69,3017020.0,0.5,
2020-08-25,2020-08-26,2020-09-21,18,STOP,UPTREND,6814.44,6780.37,6780.37,7797.43,6466.7,6466.7,-4.63,-4.83,False,False,0.0,15.16,7.35,75.07,7.89,2.3,0.77,29.3,44.43,88.1,-7.54,5052601.0,0.5,
2020-03-20,2020-03-23,2020-03-24,1,STOP,DOWNTREND,4824.7,4800.57,4345.76,4606.51,3911.19,3911.19,-10.0,-10.2,False,False,0.0,-23.64,-15.69,27.55,-20.21,6.82,1.33,-102.08,60.51,4.79,-34.54,-2352093.0,11.02,
2020-03-17,2020-03-18,2020-03-19,1,STOP,DOWNTREND,5323.15,5296.54,5296.54,5614.33,4856.09,4625.98,-12.66,-12.86,False,False,0.0,-16.1,-10.82,28.09,-10.84,5.52,1.16,-65.09,55.36,6.75,-27.77,-1139705.0,0.5,
2020-03-13,2020-03-16,2020-03-19,3,STOP,DOWNTREND,5546.05,5518.32,5356.07,5677.43,4924.81,4625.98,-13.63,-13.83,False,False,0.0,-12.77,-9.13,28.42,-7.17,5.18,1.44,-46.36,51.1,8.2,-24.75,-1694012.0,3.55,
2020-03-06,2020-03-09,2020-03-12,2,STOP,DOWNTREND,6122.96,6092.35,5985.28,6344.39,5717.33,5641.7,-5.74,-5.94,False,False,0.0,-3.93,-2.79,37.2,-4.61,2.92,1.25,-3.76,43.58,34.43,-16.92,-1953518.0,2.3,
2020-02-27,2020-02-28,2020-03-12,8,STOP,DOWNTREND,5974.64,5944.77,5854.24,6205.49,5615.05,5615.05,-4.09,-4.29,False,False,0.0,-6.31,-7.96,24.99,-10.7,2.67,1.75,-64.87,34.75,0.05,-18.93,-5128004.0,2.06,
2019-10-29,2019-10-30,2019-11-08,7,STOP,UPTREND,7334.41,7297.74,7297.74,8392.4,6870.24,6870.24,-5.86,-6.06,False,False,0.0,16.56,10.12,73.06,13.2,2.91,1.26,49.32,33.95,101.03,-1.52,4392918.0,0.5,
2019-08-20,2019-08-21,2019-09-04,9,STOP,DOWNTREND,5880.74,5851.34,5851.34,6202.42,5553.35,5553.35,-5.09,-5.29,False,False,0.0,-8.52,7.94,60.39,10.33,3.38,1.84,77.71,21.92,105.36,-33.7,5754125.0,0.5,
2019-08-06,2019-08-07,2019-08-09,2,TARGET,DOWNTREND,5464.79,5437.46,5437.46,5763.71,5181.79,5763.71,6.0,4.64,False,False,0.0,-15.47,0.3,45.79,-0.69,3.12,1.07,23.36,33.37,52.22,-40.41,-706043.0,0.5,
2019-08-02,2019-08-05,2019-08-08,3,TARGET,DOWNTREND,5329.93,5303.28,5246.23,5561.0,5000.3,5561.0,6.0,4.64,False,False,0.0,-17.69,-2.58,38.63,-1.38,3.08,1.27,-4.24,35.69,31.35,-42.19,-653075.0,1.6,
2019-08-01,2019-08-02,2019-08-08,4,TARGET,DOWNTREND,5220.56,5194.46,5189.64,5501.02,4950.63,5501.02,6.0,4.64,False,False,0.0,-19.44,-5.12,32.58,-5.27,3.05,1.06,-18.69,36.44,17.2,-43.38,-3273425.0,0.6,
2019-07-22,2019-07-23,2019-07-29,4,STOP,DOWNTREND,5538.98,5511.29,5511.29,5841.97,5282.75,5282.75,-4.15,-4.35,False,False,0.0,-15.33,-4.88,36.34,-2.09,2.75,1.07,-17.49,31.65,22.97,-39.92,-2813688.0,0.5,
2019-06-03,2019-06-04,2019-06-17,8,STOP,DOWNTREND,6579.24,6546.34,6546.34,6939.12,6286.26,6286.26,-3.97,-4.17,False,False,0.0,-5.08,3.23,56.14,-0.87,2.64,1.38,23.15,24.37,76.5,-28.64,724216.0,0.5,
2019-05-23,2019-05-24,2019-06-17,15,STOP,DOWNTREND,6491.5,6459.04,6459.04,6846.59,6203.87,6203.87,-3.95,-4.15,False,False,0.0,-7.37,2.86,54.32,4.59,2.62,1.34,39.93,25.14,78.24,-29.59,2832316.0,0.5,
2019-05-20,2019-05-21,2019-06-03,9,STOP,DOWNTREND,6637.04,6603.85,6603.85,7000.08,6357.6,6332.94,-4.1,-4.3,False,False,0.0,-5.8,4.3,61.38,5.59,2.47,1.32,18.47,25.98,77.4,-28.01,86923.0,0.5,
2019-02-01,2019-02-04,2019-03-20,30,TIME,DOWNTREND,6522.46,6489.85,6489.85,6879.24,6192.33,6251.96,-3.67,-3.87,False,False,0.0,-14.78,-1.83,45.67,-5.38,3.04,2.76,-33.36,27.94,40.82,-29.26,-3078227.0,0.5,
2018-11-21,2018-11-22,2018-12-19,18,TARGET,DOWNTREND,6955.47,6920.69,6920.69,7335.93,6618.52,7335.93,6.0,4.64,False,False,0.0,-13.11,4.99,55.96,4.94,2.9,0.78,74.39,28.99,80.46,-25.07,2994573.0,0.5,
2018-10-10,2018-10-11,2018-10-12,1,TARGET,DOWNTREND,6544.53,6511.8,6370.42,6752.64,5982.43,6752.64,6.0,4.64,False,False,0.0,-21.29,-10.09,28.04,-12.67,3.95,1.1,-70.03,53.22,19.97,-29.5,-7772575.0,2.73,
2018-10-01,2018-10-03,2018-10-05,2,STOP,DOWNTREND,6992.42,6957.46,6932.51,7348.46,6562.57,6562.57,-5.34,-5.54,False,False,0.0,-16.5,-10.45,25.29,-13.48,3.53,1.16,-92.32,41.74,8.38,-24.67,-6905417.0,0.86,
2018-09-25,2018-09-26,2018-09-27,1,STOP,DOWNTREND,7494.09,7456.62,7456.62,7904.02,7112.98,7112.98,-4.61,-4.81,False,False,0.0,-10.73,-7.92,29.65,-8.25,3.06,1.53,-78.61,33.58,12.45,-19.27,-5187494.0,0.5,
2018-09-14,2018-09-17,2018-09-19,2,STOP,DOWNTREND,8081.72,8041.31,8041.31,8523.79,7798.69,7798.69,-3.02,-3.22,False,False,0.0,-3.85,-3.98,36.74,-6.29,2.0,1.31,-54.27,22.62,18.33,-12.93,-4001370.0,0.5,
2018-02-01,2018-02-02,2018-02-02,1,STOP,UPTREND,8730.3,8686.65,8686.65,9989.65,8364.28,8364.28,-3.71,-3.91,False,False,0.0,18.85,-0.0,51.31,0.94,1.85,0.98,-7.92,23.85,49.89,-5.95,74672.0,0.5,
2018-01-31,2018-02-01,2018-02-02,1,STOP,UPTREND,8830.45,8786.3,8786.3,10104.24,8475.09,8475.09,-3.54,-3.74,False,False,0.0,20.46,1.13,56.36,2.01,1.76,0.81,-2.16,25.38,79.76,-4.87,235182.0,0.5,
2018-01-30,2018-01-31,2018-02-02,2,STOP,UPTREND,8887.88,8843.44,8843.44,10169.96,8526.31,8526.31,-3.59,-3.79,False,False,0.0,21.52,1.77,59.49,2.28,1.78,1.01,-3.92,25.76,94.76,-4.25,333016.0,0.5,
2018-01-29,2018-01-30,2018-02-02,3,STOP,UPTREND,8942.81,8898.09,8898.09,10232.81,8574.49,8574.49,-3.64,-3.84,False,False,0.0,22.54,2.35,62.56,1.81,1.81,2.76,-13.19,25.26,104.4,-3.66,521542.0,0.5,
2018-01-18,2018-01-19,2018-02-02,9,STOP,UPTREND,8699.52,8656.02,8656.02,9954.43,8371.05,8371.05,-3.29,-3.49,False,False,0.0,20.68,-1.29,53.49,-0.19,1.64,1.3,-52.71,28.51,28.62,-6.28,67022.0,0.5,
2017-12-29,2018-01-01,2018-01-10,7,STOP,UPTREND,9034.6,8989.42,8989.42,10337.84,8668.19,8668.19,-3.57,-3.77,False,False,0.0,29.32,5.37,76.98,6.77,1.78,0.74,14.59,50.9,77.78,-2.67,169425.0,0.5,
2017-12-22,2017-12-26,2018-01-17,16,STOP,UPTREND,9007.16,8962.12,8962.12,10306.44,8607.83,8607.83,-3.95,-4.15,False,False,0.0,30.25,7.54,79.36,7.27,1.97,1.32,59.82,49.86,88.47,-2.97,273561.0,0.5,
2017-12-20,2017-12-21,2018-01-16,17,STOP,UPTREND,9038.64,8993.44,8993.44,10342.46,8645.99,8645.99,-3.86,-4.06,False,False,0.0,31.37,9.36,84.59,13.02,1.92,2.15,73.61,49.22,100.86,-2.63,2150408.0,0.5,
2017-12-19,2017-12-20,2018-01-04,10,STOP,UPTREND,9101.41,9055.9,9055.9,10414.29,8724.03,8724.03,-3.66,-3.86,False,False,0.0,32.63,10.88,89.01,15.31,1.82,2.44,66.27,48.1,115.41,-0.57,3787564.0,0.5,
2017-12-15,2017-12-18,2018-01-31,30,TIME,UPTREND,8511.21,8468.65,8459.3,9728.19,8209.4,8830.45,4.39,3.35,False,False,0.0,24.66,5.04,80.08,6.47,1.47,1.35,37.27,47.86,88.96,-0.76,1396948.0,0.61,
2017-12-13,2017-12-14,2018-01-29,30,TIME,UPTREND,8469.19,8426.84,8426.84,9690.87,8170.43,8942.81,6.12,4.74,False,False,0.0,24.58,5.59,79.51,5.18,1.51,1.03,46.89,45.65,93.33,-1.06,1286503.0,0.5,
2017-12-12,2017-12-13,2018-01-25,30,TIME,UPTREND,8479.12,8436.73,8436.73,9702.24,8175.02,8615.48,2.12,1.54,False,False,0.0,24.99,6.32,80.41,5.88,1.54,1.16,48.6,44.16,99.11,-0.95,2116316.0,0.5,
2017-12-05,2017-12-06,2017-12-19,9,TARGET,UPTREND,7893.24,7853.78,7853.78,9031.84,7643.69,9031.84,15.0,11.84,False,False,0.0,17.57,1.3,60.49,0.9,1.33,0.65,-1.79,36.23,64.55,-2.25,846722.0,0.5,
2017-12-01,2017-12-04,2017-12-19,11,TARGET,UPTREND,7994.08,7954.11,7954.11,9147.23,7748.16,9147.23,15.0,11.84,False,False,0.0,19.5,2.89,70.19,3.12,1.29,1.28,18.18,37.03,82.12,-1.0,1419768.0,0.5,
2017-11-29,2017-11-30,2017-12-20,14,TARGET,UPTREND,8051.98,8011.72,8011.72,9213.48,7802.99,9254.16,15.51,12.25,False,False,0.0,20.79,4.11,76.95,6.69,1.3,1.2,27.53,33.77,99.27,-0.28,2306301.0,0.5,
2017-11-28,2017-11-29,2017-12-20,15,TARGET,UPTREND,8008.15,7968.11,7968.11,9163.33,7760.47,9254.16,16.14,12.75,False,False,0.0,20.34,3.81,75.42,6.17,1.3,1.38,24.34,31.98,101.17,-0.39,2198758.0,0.5,
2017-11-24,2017-11-27,2017-12-19,16,TARGET,UPTREND,7881.68,7842.27,7842.27,9018.61,7640.76,9018.61,15.0,11.84,False,False,0.0,18.85,2.62,70.16,3.72,1.28,0.98,21.35,29.24,92.44,-0.61,1626529.0,0.5,
2017-11-22,2017-11-23,2017-12-19,18,TARGET,UPTREND,7905.08,7865.56,7865.56,9045.39,7654.41,9045.39,15.0,11.84,False,False,0.0,19.6,3.4,73.96,3.42,1.34,0.93,22.42,26.39,109.67,-0.14,778539.0,0.5,
2017-11-10,2017-11-13,2017-12-19,26,TARGET,UPTREND,7598.98,7560.98,7560.98,8695.13,7339.17,8695.13,15.0,11.84,False,False,0.0,16.6,1.62,59.25,0.85,1.46,0.81,9.1,25.24,66.71,-2.23,589065.0,0.5,
2017-11-09,2017-11-10,2017-12-19,27,TARGET,UPTREND,7618.76,7580.66,7580.66,8717.76,7359.48,8717.76,15.0,11.84,False,False,0.0,17.12,2.06,61.15,1.69,1.45,1.02,16.45,25.86,71.2,-1.98,2141839.0,0.5,
2017-11-08,2017-11-09,2017-12-19,28,TARGET,UPTREND,7644.01,7605.79,7605.79,8746.66,7385.46,8746.66,15.0,11.84,False,False,0.0,17.72,2.64,63.58,4.6,1.44,0.45,23.7,26.0,76.9,-1.66,3269274.0,0.5,
2017-11-06,2017-11-07,2017-12-19,30,TARGET,UPTREND,7716.63,7678.04,7678.04,8829.75,7454.55,8829.75,15.0,11.84,False,False,0.0,19.28,4.05,71.14,6.29,1.45,0.89,36.9,24.45,93.31,-0.72,3518272.0,0.5,
2017-11-02,2017-11-03,2017-12-15,30,TIME,UPTREND,7638.25,7600.06,7600.06,8740.07,7376.9,8511.21,11.99,9.43,False,False,0.0,18.51,3.51,67.77,5.68,1.46,0.56,39.43,23.53,92.83,-0.64,3770647.0,0.5,
2017-10-31,2017-11-01,2017-12-13,30,TIME,UPTREND,7624.75,7586.62,7586.62,8724.61,7352.81,8469.19,11.63,9.15,False,False,0.0,18.74,3.8,67.83,4.71,1.53,0.72,37.03,22.87,107.27,-0.82,2592957.0,0.5,
2017-09-22,2017-09-25,2017-09-27,2,STOP,UPTREND,7491.91,7454.45,7454.45,8572.62,7256.11,7256.11,-2.66,-2.86,False,False,0.0,22.63,1.64,62.19,1.22,1.32,1.0,0.6,30.85,64.94,-1.61,349674.0,0.5,
2017-09-21,2017-09-22,2017-09-25,1,STOP,UPTREND,7563.18,7525.37,7525.37,8654.17,7329.69,7329.69,-2.6,-2.8,False,False,0.0,24.07,2.9,69.22,2.85,1.29,0.7,9.84,31.08,75.29,-0.67,1057342.0,0.5,
2017-09-20,2017-09-21,2017-09-25,2,STOP,UPTREND,7540.15,7502.45,7502.45,8627.82,7305.41,7305.41,-2.63,-2.83,False,False,0.0,23.99,3.01,68.14,3.49,1.31,0.5,14.54,30.94,74.88,-0.97,1188652.0,0.5,
2017-09-13,2017-09-14,2017-09-27,9,STOP,UPTREND,7542.43,7504.72,7504.72,8630.42,7284.04,7284.04,-2.94,-3.14,False,False,0.0,25.51,5.09,72.63,7.48,1.46,0.96,44.53,26.26,91.1,-0.94,3028852.0,0.5,
2017-09-12,2017-09-13,2017-09-25,8,STOP,UPTREND,7572.05,7534.19,7534.19,8664.32,7310.8,7310.8,-2.96,-3.16,False,False,0.0,26.33,5.91,75.34,8.42,1.48,1.0,47.21,24.43,100.73,-0.46,3871732.0,0.5,
2017-09-05,2017-09-06,2017-10-19,30,TIME,UPTREND,7258.84,7222.55,7222.55,8305.93,6998.19,7178.89,-0.6,-0.8,False,False,0.0,22.6,2.94,63.66,5.25,1.55,0.47,24.24,15.97,91.85,-0.75,1523110.0,0.5,
2017-09-01,2017-09-04,2017-10-17,30,TIME,UPTREND,7254.29,7218.02,7218.02,8300.72,6983.31,7278.99,0.84,0.52,False,False,0.0,23.1,3.07,63.62,4.06,1.62,1.61,13.52,14.01,101.03,-0.37,1398309.0,0.5,
2017-08-10,2017-08-11,2017-09-26,30,TIME,UPTREND,6967.73,6932.89,6897.07,7931.63,6674.74,7326.35,6.22,4.82,False,False,0.0,20.8,-0.82,49.53,-0.27,1.6,0.91,-17.57,20.01,36.82,-4.31,1021491.0,1.02,
2017-08-09,2017-08-10,2017-08-11,1,STOP,UPTREND,7043.9,7008.68,7008.68,8059.98,6786.6,6786.6,-3.17,-3.37,False,False,0.0,22.31,0.27,55.02,1.27,1.58,0.66,-5.62,20.76,54.42,-3.26,2555480.0,0.5,
2017-08-08,2017-08-09,2017-08-11,2,STOP,UPTREND,7130.59,7094.94,7094.94,8159.18,6877.83,6877.83,-3.06,-3.26,False,False,0.0,24.01,1.63,62.32,3.35,1.52,0.75,4.64,22.22,75.1,-2.07,3218359.0,0.5,
2017-08-07,2017-08-08,2017-08-10,2,STOP,UPTREND,7206.67,7170.64,7170.64,8246.24,6957.78,6957.78,-2.97,-3.17,False,False,0.0,25.55,2.92,69.87,3.76,1.48,0.76,10.26,22.71,94.01,-1.03,3214725.0,0.5,
2017-08-02,2017-08-03,2017-08-11,6,STOP,UPTREND,7167.0,7131.17,7131.17,8200.84,6912.3,6897.07,-3.28,-3.48,False,False,0.0,25.51,3.03,70.76,3.09,1.53,0.97,15.74,24.66,99.76,-1.57,3350633.0,0.5,
2017-08-01,2017-08-02,2017-08-10,6,STOP,UPTREND,7222.72,7186.6,7186.6,8264.59,6965.75,6965.75,-3.07,-3.27,False,False,0.0,26.7,4.12,77.15,4.06,1.53,2.62,14.51,24.94,121.17,-0.81,3989067.0,0.5,
2017-07-24,2017-07-25,2017-09-07,30,TIME,UPTREND,6945.48,6910.75,6910.75,7947.36,6696.89,7353.55,6.41,4.97,False,False,0.0,23.0,1.69,64.87,1.67,1.54,0.97,-4.84,30.32,74.47,-0.49,1684507.0,0.5,
2017-07-21,2017-07-24,2017-09-06,30,TIME,UPTREND,6934.86,6900.18,6900.18,7935.21,6680.34,7286.19,5.59,4.32,False,False,0.0,23.02,1.77,64.16,1.48,1.59,1.18,-3.96,30.48,74.62,-0.64,1280279.0,0.5,
2017-07-20,2017-07-21,2017-09-05,30,TIME,UPTREND,6887.01,6852.57,6852.57,7880.46,6630.65,7258.84,5.93,4.58,False,False,0.0,22.38,1.22,60.84,0.23,1.61,0.79,-2.54,30.42,67.24,-1.32,505993.0,0.5,
2017-07-19,2017-07-20,2017-09-04,30,TIME,UPTREND,6951.87,6917.11,6917.11,7954.67,6692.89,7262.83,5.0,3.84,False,False,0.0,23.73,2.33,68.87,2.49,1.61,0.6,3.4,30.57,82.5,-0.4,1213052.0,0.5,
2017-07-14,2017-07-17,2017-08-30,30,TIME,UPTREND,6947.96,6913.22,6913.22,7950.2,6663.29,7017.64,1.51,1.05,False,False,0.0,24.27,2.91,70.67,4.71,1.8,0.64,8.28,32.14,93.41,-0.42,2150040.0,0.5,
2017-07-13,2017-07-14,2017-08-29,30,TIME,UPTREND,6957.43,6922.64,6922.64,7961.04,6663.24,6984.26,0.89,0.55,False,False,0.0,24.64,3.22,71.84,4.75,1.86,1.12,7.01,32.74,102.55,-0.09,2049604.0,0.5,
2017-07-07,2017-07-10,2017-07-10,1,STOP,UPTREND,6833.54,6799.38,6799.38,7819.28,6605.6,6605.6,-2.85,-3.05,False,False,0.0,23.21,1.65,65.18,1.6,1.42,0.7,-0.05,32.48,84.04,-0.87,339545.0,0.5,
2017-07-06,2017-07-07,2017-07-10,1,STOP,UPTREND,6871.47,6837.11,6837.11,7862.68,6636.07,6636.07,-2.94,-3.14,False,False,0.0,24.1,2.34,69.12,2.83,1.46,0.85,-2.11,32.19,100.37,-0.32,1115381.0,0.5,
2017-07-04,2017-07-05,2017-07-10,3,STOP,UPTREND,6781.46,6747.55,6747.55,7759.69,6541.72,6541.72,-3.05,-3.25,False,False,0.0,22.9,1.37,64.39,1.75,1.52,0.86,-15.03,32.36,79.79,-1.4,127707.0,0.5,
2017-06-15,2017-06-16,2017-07-10,15,STOP,UPTREND,6722.76,6689.14,6689.14,7692.52,6468.09,6468.09,-3.3,-3.5,False,False,0.0,24.5,2.56,66.08,2.32,1.64,0.78,-2.54,50.41,72.5,-2.25,556030.0,0.5,
2017-06-14,2017-06-15,2017-07-10,16,STOP,UPTREND,6758.39,6724.59,6724.59,7733.28,6503.63,6503.63,-3.29,-3.49,False,False,0.0,25.42,3.46,69.19,1.94,1.63,0.56,3.94,50.66,79.42,-1.74,294963.0,0.5,
2017-06-12,2017-06-13,2017-07-10,18,STOP,UPTREND,6779.16,6745.27,6745.27,7757.06,6515.21,6515.21,-3.41,-3.61,False,False,0.0,26.35,4.35,70.95,3.35,1.7,0.89,11.25,48.83,89.46,-1.43,1679015.0,0.5,
2017-06-09,2017-06-12,2017-06-21,7,STOP,UPTREND,6863.01,6828.69,6828.69,7853.0,6596.41,6596.41,-3.4,-3.6,False,False,0.0,28.19,6.06,78.06,5.66,1.69,2.22,10.96,47.41,106.73,-0.21,2560735.0,0.5,
2017-06-05,2017-06-06,2017-07-10,23,STOP,UPTREND,6551.2,6518.45,6518.45,7496.21,6290.63,6290.63,-3.49,-3.69,False,False,0.0,23.39,2.83,67.72,6.33,1.74,0.68,2.13,44.46,77.45,-1.69,2150465.0,0.5,
2017-06-01,2017-06-02,2017-07-10,25,STOP,UPTREND,6570.42,6537.57,6537.57,7518.2,6296.54,6296.54,-3.69,-3.89,False,False,0.0,24.23,3.84,69.76,4.62,1.83,1.5,13.98,43.82,85.7,-1.4,1284870.0,0.5,
2017-05-31,2017-06-01,2017-07-10,26,STOP,UPTREND,6629.63,6596.48,6596.48,7585.95,6356.0,6356.0,-3.65,-3.85,False,False,0.0,25.59,5.17,74.9,3.63,1.81,1.55,17.92,43.21,98.72,-0.51,1527273.0,0.5,
2017-05-29,2017-05-30,2017-07-10,28,STOP,UPTREND,6559.25,6526.45,6526.45,7505.42,6282.09,6282.09,-3.74,-3.94,False,False,0.0,24.75,4.82,72.71,4.55,1.86,0.99,11.34,41.16,104.22,-0.88,1626401.0,0.5,
2017-05-26,2017-05-29,2017-07-10,29,STOP,UPTREND,6495.21,6462.74,6462.74,7432.15,6223.94,6223.94,-3.69,-3.89,False,False,0.0,23.78,4.26,70.67,4.97,1.84,0.82,4.56,40.15,100.55,-0.29,1535379.0,0.5,
2017-05-25,2017-05-26,2017-07-10,30,TIME,UPTREND,6422.49,6390.38,6390.38,7348.93,6154.27,6831.38,6.9,5.36,False,False,0.0,22.63,3.63,68.17,3.3,1.84,0.89,-2.23,39.64,90.06,-0.46,904951.0,0.5,
2017-05-24,2017-05-25,2017-07-07,30,TIME,UPTREND,6315.8,6284.22,6284.22,7226.85,6055.83,6833.54,8.74,6.83,False,False,0.0,20.82,2.34,63.99,1.96,1.81,0.87,-7.58,39.49,74.8,-1.57,728286.0,0.5,
2017-05-23,2017-05-24,2017-07-06,30,TIME,UPTREND,6324.25,6292.63,6292.63,7236.53,6060.76,6871.47,9.2,7.2,False,False,0.0,21.21,2.89,64.62,3.76,1.83,1.93,-6.72,40.08,77.65,-1.44,1457792.0,0.5,
2017-05-19,2017-05-22,2017-07-04,30,TIME,UPTREND,6243.07,6211.86,6211.86,7143.64,5996.55,6781.46,9.17,7.18,False,False,0.0,20.11,2.39,63.37,2.05,1.72,1.18,5.59,41.98,68.55,-2.7,405144.0,0.5,
2017-05-18,2017-05-19,2017-07-03,30,TIME,UPTREND,6280.31,6248.91,6248.91,7186.24,6045.65,6761.1,8.2,6.4,False,False,0.0,21.08,3.41,66.45,2.88,1.62,0.88,15.96,43.28,75.04,-2.12,1294865.0,0.5,
2017-05-17,2017-05-18,2017-05-19,1,STOP,UPTREND,6397.21,6365.22,6360.52,7314.6,6161.97,6161.97,-3.12,-3.32,False,False,0.0,23.58,5.84,77.4,4.73,1.55,0.97,25.21,42.84,90.72,-0.3,1329146.0,0.58,
2017-05-16,2017-05-17,2017-05-19,2,STOP,UPTREND,6393.3,6361.33,6361.33,7315.53,6160.68,6160.68,-3.15,-3.35,False,False,0.0,23.79,6.44,77.28,3.71,1.57,1.54,23.85,41.03,94.41,-0.34,513664.0,0.5,
2017-05-11,2017-05-12,2017-06-23,30,TIME,UPTREND,6217.29,6186.2,6186.2,7114.13,5992.51,6637.12,7.29,5.67,False,False,0.0,21.16,5.25,72.98,5.56,1.56,0.57,22.2,36.29,85.74,-0.4,476603.0,0.5,
2017-05-05,2017-05-08,2017-06-19,30,TIME,UPTREND,6117.67,6087.08,6087.08,7000.14,5881.51,6664.79,9.49,7.43,False,False,0.0,20.21,4.94,70.05,6.07,1.68,0.69,35.08,29.61,90.25,-1.13,1402219.0,0.5,
2017-05-04,2017-05-05,2017-06-16,30,TIME,UPTREND,6104.48,6073.96,6073.96,6985.05,5863.09,6678.26,9.95,7.8,False,False,0.0,20.2,4.98,69.56,7.15,1.73,0.71,38.06,28.07,93.65,-1.34,1531655.0,0.5,
2017-05-02,2017-05-03,2017-06-14,30,TIME,UPTREND,6164.88,6134.06,6134.06,7054.16,5910.65,6758.39,10.18,7.98,False,False,0.0,21.94,7.03,74.41,9.65,1.81,1.67,37.31,23.7,117.52,-0.36,3094104.0,0.5,
2017-04-26,2017-04-27,2017-06-09,30,TARGET,UPTREND,5889.8,5860.35,5860.35,6739.41,5666.17,6739.41,15.0,11.84,False,False,0.0,17.26,3.68,65.28,2.54,1.65,1.13,15.49,18.05,91.02,-0.29,1883770.0,0.5,
2017-04-24,2017-04-25,2017-05-31,25,TARGET,UPTREND,5808.94,5779.9,5779.9,6646.88,5581.57,6646.88,15.0,11.84,False,False,0.0,16.13,2.89,61.29,0.94,1.71,0.89,5.58,16.48,83.73,-0.64,904370.0,0.5,
2017-04-11,2017-04-12,2017-04-17,2,STOP,UPTREND,5744.08,5715.36,5715.36,6572.67,5538.26,5538.26,-3.1,-3.3,False,False,0.0,16.63,2.21,61.88,4.38,1.54,0.7,20.94,19.77,77.32,-1.75,828052.0,0.5,
2017-04-10,2017-04-11,2017-04-17,3,STOP,UPTREND,5763.44,5734.62,5734.62,6594.81,5554.5,5554.5,-3.14,-3.34,False,False,0.0,17.26,2.8,63.74,4.4,1.56,0.59,23.47,18.83,84.4,-1.42,860645.0,0.5,
2017-04-06,2017-04-07,2017-04-17,5,STOP,UPTREND,5784.4,5755.47,5746.1,6608.02,5560.91,5560.91,-3.22,-3.42,False,False,0.0,18.16,3.77,65.93,4.76,1.6,0.91,20.76,16.2,96.6,-1.06,883632.0,0.67,
2017-04-05,2017-04-06,2017-04-13,5,STOP,UPTREND,5831.06,5801.9,5801.9,6672.18,5614.11,5614.11,-3.24,-3.44,False,False,0.0,19.36,4.95,70.22,4.38,1.61,1.95,12.02,14.36,114.52,-0.26,926702.0,0.5,
2017-03-23,2017-03-24,2017-05-10,30,TIME,UPTREND,5548.26,5520.51,5520.51,6348.59,5344.18,6194.53,12.21,9.61,False,False,0.0,15.23,0.4,52.03,2.91,1.59,0.91,-2.55,16.92,55.79,-3.19,1959088.0,0.5,
2017-03-21,2017-03-22,2017-05-08,30,TIME,UPTREND,5586.41,5558.48,5558.48,6392.25,5377.58,6095.97,9.67,7.58,False,False,0.0,16.44,1.0,55.29,2.38,1.62,1.09,10.59,19.43,64.06,-2.53,961280.0,0.5,
2017-03-20,2017-03-21,2017-03-29,6,STOP,UPTREND,5662.35,5634.04,5634.04,6479.14,5460.26,5460.26,-3.08,-3.28,False,False,0.0,18.25,2.44,62.46,4.61,1.53,0.44,16.58,20.17,84.72,-1.2,1854623.0,0.5,
2017-03-17,2017-03-20,2017-03-27,5,STOP,UPTREND,5693.33,5664.87,5664.87,6514.6,5487.47,5487.47,-3.13,-3.33,False,False,0.0,19.13,3.12,65.69,4.63,1.56,2.11,16.44,19.46,96.8,-0.66,1700276.0,0.5,
2017-02-08,2017-02-09,2017-02-14,3,STOP,UPTREND,5695.22,5666.74,5666.74,6516.75,5491.36,5491.36,-3.09,-3.29,False,False,0.0,25.7,5.35,76.24,7.97,1.54,0.81,22.11,45.48,88.12,-0.63,1558611.0,0.5,
2017-02-07,2017-02-08,2017-02-14,4,STOP,UPTREND,5712.27,5683.71,5683.71,6536.27,5504.56,5504.56,-3.15,-3.35,False,False,0.0,26.4,6.14,78.14,9.0,1.57,0.9,25.75,44.02,95.54,-0.29,2270593.0,0.5,
2017-02-02,2017-02-03,2017-02-15,8,STOP,UPTREND,5648.97,5620.73,5620.73,6463.84,5430.73,5430.73,-3.38,-3.58,False,False,0.0,25.95,6.39,77.94,8.09,1.68,1.39,28.02,39.52,108.39,-1.19,1888283.0,0.5,
2017-02-01,2017-02-02,2017-02-14,8,STOP,UPTREND,5681.01,5652.61,5652.61,6500.5,5460.49,5460.49,-3.4,-3.6,False,False,0.0,27.0,7.59,81.25,8.99,1.69,2.28,22.93,37.33,125.86,-0.39,2941980.0,0.5,
2017-01-27,2017-01-30,2017-03-15,30,TIME,UPTREND,5438.94,5411.75,5411.75,6223.51,5240.57,5642.54,4.26,3.25,False,False,0.0,22.56,4.53,74.65,2.4,1.57,1.09,6.14,32.51,98.77,-0.97,707994.0,0.5,
2017-01-13,2017-01-16,2017-03-01,30,TIME,UPTREND,5239.99,5213.79,5213.79,5995.86,5025.97,5442.34,4.38,3.35,False,False,0.0,20.41,5.35,68.05,7.14,1.79,1.97,35.85,30.34,79.61,-4.59,1432771.0,0.5,
2017-01-12,2017-01-13,2017-02-28,30,TIME,UPTREND,5311.56,5285.0,5285.0,6077.75,5098.34,5445.01,3.03,2.26,False,False,0.0,22.31,7.3,75.46,8.7,1.76,0.76,44.72,29.73,91.06,-3.29,3079530.0,0.5,
2017-01-05,2017-01-06,2017-02-20,30,TIME,UPTREND,5180.64,5154.74,5154.74,5927.95,4939.51,5601.9,8.67,6.78,False,False,0.0,20.62,7.3,71.43,10.83,2.08,1.34,48.7,22.42,111.08,-5.68,3723277.0,0.5,
2017-01-02,2017-01-03,2017-02-15,30,TIME,UPTREND,5025.31,5000.19,5000.19,5750.21,4777.81,5390.03,7.8,6.08,False,False,0.0,17.74,5.24,65.18,6.86,2.21,1.17,34.75,19.8,124.88,-8.5,2662580.0,0.5,
2016-12-09,2016-12-12,2017-01-23,30,TIME,UPTREND,4812.94,4788.87,4788.87,5507.2,4518.14,5240.45,9.43,7.38,False,False,0.0,16.14,4.03,51.46,7.42,2.81,0.57,41.48,30.81,81.92,-12.37,2288705.0,0.5,
2016-12-08,2016-12-09,2017-01-20,30,TIME,UPTREND,4812.57,4788.51,4788.51,5506.78,4512.69,5211.9,8.84,6.91,False,False,0.0,16.33,3.92,51.45,8.37,2.87,0.85,39.66,32.62,79.72,-12.38,2395688.0,0.5,
2016-12-05,2016-12-06,2017-01-17,30,TIME,UPTREND,4783.47,4759.55,4759.55,5473.49,4487.03,5212.31,9.51,7.45,False,False,0.0,16.25,1.99,49.78,8.68,2.85,0.57,37.41,37.1,59.42,-12.91,2324740.0,0.5,
2016-12-01,2016-12-02,2017-01-13,30,TIME,UPTREND,4828.66,4804.52,4799.15,5519.02,4537.35,5239.99,9.19,7.19,False,False,0.0,17.73,1.71,51.4,6.63,2.71,1.2,31.08,40.3,56.59,-12.08,2352745.0,0.61,
2016-11-30,2016-12-01,2017-01-12,30,TIME,UPTREND,4841.44,4817.23,4817.23,5539.82,4549.91,5311.56,10.26,8.05,False,False,0.0,18.25,1.45,51.98,5.51,2.76,1.29,14.58,43.16,55.17,-11.85,2905913.0,0.5,
2016-11-08,2016-11-09,2016-11-11,2,STOP,UPTREND,5211.95,5185.89,4877.29,5608.89,4692.04,4692.04,-3.8,-4.0,False,False,0.0,29.43,-1.06,50.0,-0.79,1.78,1.2,-25.01,32.75,33.3,-5.11,396587.0,6.86,
2016-11-07,2016-11-08,2016-11-09,1,STOP,UPTREND,5255.11,5228.84,5228.84,6013.16,5050.48,4877.29,-6.72,-6.92,False,False,0.0,30.71,-0.28,54.16,1.16,1.7,0.95,-19.22,34.68,45.55,-4.32,1493040.0,0.5,
2016-11-03,2016-11-04,2016-11-08,2,STOP,UPTREND,5337.49,5310.8,5310.8,6107.42,5135.69,5135.69,-3.3,-3.5,False,False,0.0,33.21,1.33,63.2,3.59,1.64,1.06,-5.24,38.21,70.85,-2.82,2176944.0,0.5,
2016-11-01,2016-11-02,2016-11-08,4,STOP,UPTREND,5404.19,5377.17,5336.98,6137.53,5159.23,5159.23,-3.33,-3.53,False,False,0.0,35.37,2.99,72.27,4.98,1.64,2.03,4.04,38.55,91.16,-1.61,2216716.0,1.26,
2016-10-26,2016-10-27,2016-11-08,7,STOP,UPTREND,5395.91,5368.93,5368.93,6174.28,5199.31,5199.31,-3.16,-3.36,False,False,0.0,35.8,3.87,72.44,2.74,1.57,1.31,-4.09,35.41,102.92,-0.49,1670429.0,0.5,
2016-10-20,2016-10-21,2016-11-09,12,STOP,UPTREND,5189.42,5163.48,5163.48,5938.0,4992.41,4877.29,-5.54,-5.74,False,False,0.0,31.31,0.56,60.32,-0.62,1.65,0.65,-25.5,36.07,59.19,-2.12,1061100.0,0.5,
2016-10-18,2016-10-19,2016-11-09,14,STOP,UPTREND,5173.06,5147.19,5147.19,5919.27,4968.57,4877.29,-5.24,-5.44,False,False,0.0,31.21,0.46,59.73,2.73,1.73,0.99,-22.22,39.17,57.04,-2.43,1510007.0,0.5,
2016-10-14,2016-10-17,2016-11-09,16,STOP,UPTREND,5231.67,5205.51,5205.51,5986.34,5025.88,4877.29,-6.31,-6.51,False,False,0.0,33.01,1.78,66.76,3.05,1.72,0.62,-10.67,43.25,75.55,-1.33,1376218.0,0.5,
2016-10-13,2016-10-14,2016-11-09,17,STOP,UPTREND,5257.5,5231.21,5231.21,6015.9,5051.61,4877.29,-6.77,-6.97,False,False,0.0,33.84,2.58,69.77,3.76,1.71,0.76,-7.71,44.14,83.72,-0.84,2178444.0,0.5,
2016-10-10,2016-10-13,2016-11-09,18,STOP,UPTREND,5251.8,5225.54,5225.54,6009.37,5046.3,4877.29,-6.66,-6.86,False,False,0.0,33.87,2.83,69.49,2.58,1.71,0.35,-7.05,45.21,84.38,-0.95,1309284.0,0.5,
2016-10-06,2016-10-07,2016-11-09,20,STOP,UPTREND,5250.06,5223.81,5223.81,6007.38,5030.69,4877.29,-6.63,-6.83,False,False,0.0,34.17,3.27,70.76,2.03,1.84,0.65,-5.68,46.3,91.77,-0.98,1554212.0,0.5,
2016-10-03,2016-10-04,2016-11-09,23,STOP,UPTREND,5222.98,5196.86,5196.86,5976.39,4988.85,4877.29,-6.15,-6.35,False,False,0.0,34.03,3.92,69.67,3.44,1.99,1.2,-15.99,47.11,94.15,-0.68,1357741.0,0.5,
2016-09-29,2016-09-30,2016-11-11,27,STOP,UPTREND,5000.12,4975.12,4975.12,5721.39,4787.1,4787.1,-3.78,-3.98,False,False,0.0,28.65,0.45,59.04,-0.25,1.88,0.98,-21.21,49.78,53.67,,907295.0,0.5,
2016-09-28,2016-09-29,2016-11-11,28,STOP,UPTREND,5076.61,5051.23,5051.23,5808.92,4874.49,4863.5,-3.72,-3.92,False,False,0.0,30.76,2.37,65.96,2.94,1.74,0.62,-11.73,51.94,67.23,,2304896.0,0.5,
2016-09-26,2016-09-27,2016-11-09,28,STOP,UPTREND,5119.92,5094.32,5094.32,5858.46,4910.94,4877.29,-4.26,-4.46,False,False,0.0,32.18,4.45,70.48,3.07,1.79,0.59,2.34,53.21,75.23,,2027081.0,0.5,
2016-09-23,2016-09-26,2016-11-09,29,STOP,UPTREND,5150.16,5124.41,5124.41,5893.08,4936.75,4877.29,-4.82,-5.02,False,False,0.0,33.11,5.73,73.45,2.05,1.82,0.76,7.37,52.98,80.75,,1897779.0,0.5,
2016-09-22,2016-09-23,2016-11-09,30,STOP,UPTREND,5145.84,5120.11,5120.11,5888.13,4927.13,4877.29,-4.74,-4.94,False,False,0.0,33.16,6.33,73.3,4.89,1.88,0.69,9.18,52.55,83.3,,2280487.0,0.5,
2016-09-20,2016-09-21,2016-11-07,30,TIME,UPTREND,5070.22,5044.87,5044.87,5801.6,4852.66,5255.11,4.17,3.17,False,False,0.0,31.53,6.28,71.23,6.87,1.9,0.58,15.01,52.02,80.71,,4007438.0,0.5,
2016-09-16,2016-09-19,2016-11-03,30,TIME,UPTREND,5123.96,5098.34,5098.34,5863.09,4898.28,5337.49,4.69,3.59,False,False,0.0,33.22,8.72,77.0,10.28,1.95,2.3,24.24,50.62,93.45,,6043641.0,0.5,
2016-09-09,2016-09-12,2016-10-27,30,TIME,UPTREND,4967.39,4942.56,4877.29,5608.89,4686.07,5387.69,10.46,8.21,False,False,0.0,29.63,7.85,75.78,10.27,1.92,0.82,35.29,50.15,95.36,,5687567.0,1.85,
2016-09-08,2016-09-09,2016-09-12,1,STOP,UPTREND,5046.83,5021.59,5021.59,5774.83,4831.63,4831.63,-3.78,-3.98,False,False,0.0,31.84,10.2,83.99,11.7,1.88,1.41,36.66,48.49,113.78,,5320847.0,0.5,
2016-09-06,2016-09-07,2016-10-24,30,TIME,UPTREND,4890.81,4866.36,4866.36,5596.31,4683.63,5253.23,7.95,6.2,False,False,0.0,28.01,7.81,80.08,10.73,1.87,1.53,19.06,45.22,123.27,,4326027.0,0.5,
2016-08-31,2016-09-01,2016-10-19,30,TIME,UPTREND,4646.21,4622.98,4622.98,5316.42,4454.28,5152.74,11.46,9.01,False,False,0.0,21.86,3.4,70.63,4.07,1.82,1.32,-4.18,42.37,112.3,,1289808.0,0.5,
2016-08-24,2016-08-25,2016-09-22,18,TARGET,UPTREND,4518.16,4495.57,4495.57,5169.9,4320.32,5169.9,15.0,11.84,False,False,0.0,18.84,1.59,64.48,-0.25,1.94,1.22,-22.33,42.49,70.15,,943839.0,0.5,
2016-08-22,2016-08-23,2016-09-08,11,TARGET,UPTREND,4417.0,4394.91,4394.91,5054.15,4222.11,5054.15,15.0,11.84,False,False,0.0,16.3,0.1,58.23,-2.1,1.96,0.35,-23.31,45.02,50.84,,228099.0,0.5,
2016-08-19,2016-08-22,2016-09-16,17,TARGET,UPTREND,4473.92,4451.55,4451.55,5119.29,4275.59,5119.29,15.0,11.84,False,False,0.0,17.85,1.84,63.82,0.21,1.97,0.51,-17.87,46.6,62.78,,1119277.0,0.5,
2016-08-18,2016-08-19,2016-09-16,18,TARGET,UPTREND,4488.3,4465.86,4465.86,5135.74,4282.56,5135.74,15.0,11.84,False,False,0.0,18.29,2.68,65.29,0.86,2.04,0.58,-15.57,47.14,66.65,,2272800.0,0.5,
2016-08-12,2016-08-16,2016-09-16,21,TARGET,UPTREND,4472.55,4450.19,4450.19,5117.72,4253.95,5117.72,15.0,11.84,False,False,0.0,18.08,3.69,65.61,2.96,2.19,0.85,-3.73,48.87,70.04,,3886564.0,0.5,
2016-08-11,2016-08-12,2016-09-16,22,TARGET,UPTREND,4454.34,4432.07,4432.07,5096.88,4233.78,5096.88,15.0,11.84,False,False,0.0,17.65,3.73,64.75,2.42,2.23,0.77,1.99,49.68,69.93,,2401227.0,0.5,
2016-08-10,2016-08-11,2016-09-16,23,TARGET,UPTREND,4438.77,4416.58,4416.58,5079.07,4219.68,5079.07,15.0,11.84,False,False,0.0,17.3,3.87,64.04,6.66,2.22,0.63,10.51,50.67,70.17,,3657532.0,0.5,
2016-08-09,2016-08-10,2016-09-26,30,TIME,UPTREND,4529.39,4506.74,4506.74,5182.76,4312.96,5119.92,13.61,10.72,False,False,0.0,19.75,6.6,71.88,10.95,2.14,0.63,22.53,51.0,82.87,,5382593.0,0.5,
2016-08-08,2016-08-09,2016-09-23,30,TIME,UPTREND,4557.6,4534.81,4534.81,5215.04,4341.06,5150.16,13.57,10.7,False,False,0.0,20.58,7.95,74.52,9.7,2.13,0.58,28.35,50.18,89.95,,4063118.0,0.5,
2016-08-02,2016-08-03,2016-09-19,30,TIME,UPTREND,4552.4,4529.64,4529.64,5209.08,4328.18,5049.12,11.47,9.01,False,False,0.0,20.83,11.38,79.96,11.15,2.21,2.17,42.74,42.89,106.18,,3512577.0,0.5,
2016-07-28,2016-07-29,2016-09-08,27,TARGET,UPTREND,4349.2,4327.46,4327.46,4976.58,4137.79,4976.58,15.0,11.84,False,False,0.0,15.66,8.94,74.4,7.57,2.18,2.86,22.27,35.64,107.93,,1841674.0,0.5,
2016-04-13,2016-04-18,2016-05-17,20,TARGET,DOWNTREND,3407.05,3390.02,3390.02,3593.42,3245.94,3593.42,6.0,4.64,False,False,0.0,,2.63,56.5,0.11,2.82,1.29,0.42,23.26,75.47,,-285465.0,0.5,
2016-04-01,2016-04-04,2016-04-05,1,STOP,DOWNTREND,3399.38,3382.39,3382.39,3585.33,3243.52,3243.52,-4.11,-4.31,False,False,0.0,,2.07,53.87,1.52,2.72,0.97,20.49,20.76,77.94,,-1392908.0,0.5,
2016-03-02,2016-03-03,2016-04-22,30,TARGET,DOWNTREND,3298.45,3281.96,3281.96,3478.87,3099.61,3478.87,6.0,4.64,False,False,0.0,,0.71,46.03,-3.64,3.69,1.21,14.73,47.3,54.55,,-4173445.0,0.5,
2016-02-15,2016-02-16,2016-02-22,4,STOP,DOWNTREND,3388.47,3371.53,3371.53,3573.82,3201.57,3201.57,-5.04,-5.24,False,False,0.0,,-4.75,35.29,-6.0,3.34,1.16,-12.66,56.66,28.76,,-1821955.0,0.5,
2016-01-22,2016-01-25,2016-02-02,5,STOP,DOWNTREND,3747.93,3729.19,3729.19,3952.94,3570.02,3570.02,-4.27,-4.47,False,False,0.0,,-5.72,36.84,-2.61,2.83,1.8,-31.6,42.01,22.08,,-718485.0,0.5,
